relative reasonining	TRUE														
immediate rules apply	TRUE														
likelihood cutoff	3														
recursion depth	3														
calculation time	45.499														
	C1CC(CCC1C2=CC=C(C=C2)Cl)C3=C(C4=CC=CC=C4C(=O)C3=O)O	C1=CC=C(C=C1)C(C2=CC=CC=C2)(C3=CC=CC=C3Cl)N4C=CN=C4	CC1CC2C3CCC4=CC(=O)C=CC4(C3(C(CC2(C1(C(=O)CCl)OC(=O)C5=CC=CO5)C)O)Cl)C	CC(C)C(CC1=CC(=C(C=C1)OC)OCCCOC)CC(C(CC(C(C)C)C(=O)NCC(C)(C)C(=O)N)O)N	CC1=C(C(=CC=C1)Cl)NC(=O)C2=CN=C(S2)NC3=CC(=NC(=N3)C)N4CCN(CC4)CCO	CC12CCC3=C4CCC(=O)C=C4CCC3C1CCC2(CC#N)O	CCOC1=CC=C(C=C1)CC2=C(C=CC(=C2)C3C(C(C(C(O3)CO)O)O)O)Cl	C1CC1C#CC2(C3=C(C=CC(=C3)Cl)NC(=O)O2)C(F)(F)F	CN(C)C(=N)N=C(N)N	COCCOCCOCCOCCOCCOCCOCCOC1CCC2(C3CC4=C5C2(C1OC5=C(C=C4)O)CCN3CC=C)O	C1=CC=C(C=C1)NC(=O)CCCCCCC(=O)NO	C1NC2=CC(=C(C=C2S(=O)(=O)N1)S(=O)(=O)N)Cl	CC(C)(C)C(C(=O)NC(CC1=CC=CC=C1)C(CN(CC2=CC=C(C=C2)C3=CC=CC=N3)NC(=O)C(C(C)(C)C)NC(=O)OC)O)NC(=O)OC	CC1=C(C=C(C=C1)C(=O)NC2=CC(=CC(=C2)C(F)(F)F)N3C=C(N=C3)C)NC4=NC=CC(=N4)C5=CN=CC=C5	CNC(=O)C1=NC=CC(=C1)OC2=CC(=C(C=C2)NC(=O)NC3=CC(=C(C=C3)Cl)C(F)(F)F)F
NC=O												"bt0144, bt0210, bt0063, bt0128"			
Oc1ccc2CC3NCCC45C(Oc1c24)C(CCC35O)OCCOCC=O										"bt0049, bt0023, bt0001, bt0063"					
NCCC12C3Oc4c1c(CC(=O)C2(O)CCC3OCCOCCOCCOCCOCC=O)ccc4O										"bt0049, bt0023, bt0063"					
Nc1cc(Cl)c(O)c(O)c1S(=O)(=O)NC=O												"bt0144, bt0063, bt0128"			
CCOc1ccc(Cc2cc(ccc2Cl)C(=O)C(=O)C(O)C(O)C(=O)CO)cc1							"bt0002, bt0023"								
COc1cc(O)c(CC(CC(N)C(O)CC(C(C)C)C(N)=O)C(C)C)cc1O				"bt0027, bt0064, bt0023, bt0243"											
CC=O							"bt0002, bt0003, bt0023, bt0001"								
Oc1ccc2CC3NCCC45C(Oc1c24)C(CCC35O)OCCOCCOCCOCCOCCOCCOCC([O-])=O										"bt0003, bt0023, bt0063"					
Oc1ccc2CC3N(CC=C)CCC45C(Oc1c24)C(CCC35O)OCCOCCOCC=O										"bt0003, bt0023, bt0001"					
Cc1nc(Nc2ncc(s2)C([O-])=O)cc(n1)N1CCN(CC([O-])=O)CC1					"bt0003, bt0001, bt0067"										
Oc1ccc2CC(=O)C3(O)CCC(OCCOCCOCCOCCOCC([O-])=O)C4Oc1c2C34CCNCC=C										"bt0003, bt0023, bt0063"					
COc1ccc(CC(CC(N)C(O)CC(C(C)C)C([O-])=O)C(C)C)cc1OCCC=O				"bt0027, bt0023, bt0067, bt0243, bt0001"											
Oc1ccc2CC(=O)OC3(O)CCC(=O)C4Oc1c2C34CCNCC=C										"bt0002, bt0023, bt0071, bt0063"					
Oc1ccc(Cl)c(c1O)C(F)(F)F															"bt0068, bt0065, bt0318"
OC1CCC2(O)C(=O)Cc3cc(O)c(O)c4OC1C2(CC=O)c34															
CCOc1ccc(Cc2cc(ccc2Cl)C2OC(CO)C(O)C(=O)C(=O)O2)cc1							"bt0002, bt0071"								
COc1ccc(CC(CC(=O)C(O)CC(C(C)C)C(=O)NCC(C)(C)C(N)=O)C(C)C)cc1OCCC([O-])=O				"bt0003, bt0023, bt0063"											
OC1C(CCC2(O)C3Cc4ccc(O)c(O)c4C12CCN3)OCCOCCOCCOCCOCCOCC=O										"bt0158, bt0049, bt0023, bt0063"					
OCCOC1CCC2(O)C3C\C(=C\C=C(\O)C([O-])=O)C(=O)C2(CCN3CC=C)C1O										"bt0158, bt0342, bt0023"					
OCC(O)CN1CCC23C4Oc5c2c(CC1C3(O)CCC4OCCOCCOCCOCCOCCOCCOCC=O)ccc5O										"bt0049, bt0023, bt0050"					
CNC(=N)N=C(N)N									bt0063						
OCCNCC([O-])=O					"bt0003, bt0063"										
OC1CCC2(O)C(Cc3ccc(O)c4OC1C2(CC=O)c34)NCC1CO1										"bt0049, bt0023, bt0063"					
Oc1ccc2CC3N(CC=C)CCC4(C(=O)C(CCC34O)OCCOCC=O)c2c1O										"bt0002, bt0158, bt0023"					
CC1CC2C3CCC4=CC(=O)C=CC4(C)C3(Cl)C(O)CC2(C)C1(OC(=O)C(=O)CCC([O-])=O)C(=O)CO			"bt0376, bt0022, bt0375"												
CC1CC2C3CCC4=CC(=O)C=CC4(C)C3(Cl)C(O)CC2(C)C1(O)C(=O)CCl			"bt0024, bt0376, bt0375"												
COC(=O)NC(C(=O)NC(Cc1ccccc1)C(=O)CN(Cc1ccc(cc1)-c1ccccn1)NC(=O)C(NC(=O)OC)C(C)(C)C=O)C(C)(C)C													"bt0332, bt0002, bt0001"		
[O-]C(=O)COCCOCCOCC=O										"bt0003, bt0023"					
OC1C(CCC2(O)C3Cc4ccc(O)c(O)c4C12CCN3CC=C)OCCOCCOCC=O										"bt0158, bt0023, bt0001"					
NC1Cc2ccc(O)c3OC4C(CCC1(O)C4(CC=O)c23)OCCOCCOCCO										"bt0049, bt0023, bt0063"					
OCC(O)C=O										"bt0049, bt0023, bt0050, bt0063"					
OC1CCC2(O)C(=O)Cc3ccc(O)c(O)c3C2(CCNCC2CO2)C1O															
Oc1cc2CC3NCCC45C(Oc(c24)c1O)C(=O)CCC35O										"bt0014, bt0049, bt0023, bt0063"					
OC1CCC2(O)C3CC(CC(=O)C([O-])=O)=C(C(O)=O)C2(CCN3CC2CO2)C1O															
OCCOCCOCCOCCOCCOCCOC1CCC2(O)C3Cc4ccc(O)c(O)c4C2(CCN3CC=C)C1=O										"bt0002, bt0158, bt0023"					
CC(C)C(CC1=CC(=C(C=C1)OC)OCCCOC)CC(C(CC(C(C)C)C(=O)NCC(C)(C)C(=O)N)O)N															
Cc1cccc(Cl)c1NC(=O)C1=CN=C(Nc2cc(nc(C)n2)N2CCNCC2)S1(=O)=O					"bt0193, bt0063, bt0162"										
Oc1ccc2CC3N(CC4CO4)CCC45C(Oc1c24)C(CCC35O)OCCOCCOCCOCCOCCOCCOCC([O-])=O										"bt0003, bt0049, bt0023"					
COC(=O)NC(C(=O)NC(Cc1ccccc1)C(=O)CN(N)Cc1ccc(cc1)-c1ccccn1)C(C)(C)C													"bt0002, bt0332, bt0067, bt0318, bt0063"		
OC1C(CCC2(O)C3Cc4ccc(O)c(O)c4C12CCN3CC=C)OCCOCCOCCOCCOCCOCC=O										"bt0158, bt0023, bt0001"					
Oc1ccc2CC3NCCC45C(Oc1c24)OC(=O)CCC35O										"bt0049, bt0023, bt0071, bt0063"					
OCCC([O-])=O				"bt0003, bt0023, bt0243, bt0067, bt0063"						"bt0003, bt0021, bt0063"					
N				"bt0002, bt0003, bt0027, bt0064, bt0241, bt0243, bt0023, bt0067, bt0063"						"bt0158, bt0049, bt0023, bt0063"	"bt0065, bt0067"	"bt0014, bt0421, bt0144, bt0210, bt0063, bt0128"	"bt0002, bt0067, bt0318, bt0063"		"bt0068, bt0065, bt0067, bt0318, bt0063"
Oc1ccc2CC(NCC=C)C3(O)CCC(OCCOCCOCCOCCOCCOCCOCC=O)C4Oc1c2C34CC([O-])=O										"bt0003, bt0023, bt0063"					
CCOc1ccc(Cc2cc(ccc2Cl)C2OC(CO)C(O)C(=O)C2=O)cc1							bt0002								
Oc1c(Cl)cc2c(NC(=O)OC2(C#CC2(O)CC2)C(F)(F)F)c1O								"bt0005, bt0241"							
OCCOCCOCCOCCOCCOCCO										"bt0002, bt0158, bt0049, bt0023, bt0063"					
CC1CC2C3CCC4=COC(=O)C=CC4(C)C3(Cl)C(O)CC2(C)C1(OC(=O)c1ccc(O)o1)C(=O)CO			"bt0022, bt0375, bt0071"												
COCCCOc1cc(CC(CC(N)C(=O)CC(C(C)C)C(=O)NCC(C)(C)C(N)=O)C(C)C)ccc1OC				bt0002											
NC(Cc1ccccc1)C(O)CN(N)Cc1ccc(cc1)-c1ccccn1													"bt0067, bt0318, bt0063"		
C\C=C(/N)C(Cl)C(=O)C([O-])=O					"bt0005, bt0351, bt0067"										
OC1CCC2(O)C(=O)Cc3ccc(O)c4OC1C2(CCNCC=C)c34										"bt0023, bt0063"					
COc1ccc(CC(O)(CC(N)C(=O)CC(C(C)C)C(=O)NCC(C)(C)C(N)=O)C(C)C)cc1OCCC=O				"bt0002, bt0241, bt0023"											
CC(C)C(CC(N)C(O)CC(C(C)C)C(N)=O)Cc1ccc(O)c(OCCC=O)c1				"bt0023, bt0243"											
Oc1ccc2CC3NCCC45C(Oc1c24)C(CCC35O)OCCOCCOCC([O-])=O										"bt0003, bt0023, bt0001, bt0063"					
OCCOCCOCCOCCOCCOCCOC1CCC2(O)C3Cc4ccc(O)c5OC1C2(CCN3)c45										"bt0049, bt0023, bt0063"					
OC1CCC2(O)C3C\C(=C\C=C(\O)C([O-])=O)C(=O)C2(CCN3CC=C)C1O										"bt0158, bt0342, bt0023"					
Oc1cccc(c1O)C(C([O-])=O)(c1ccccc1Cl)n1ccnc1		"bt0351, bt0353"													
CN															"bt0068, bt0067"
COCCOCCOCCOCCOCCOCCOCCOC1CCC2(O)C(=O)Cc3ccc(O)c(O)c3C2(CC=O)C1O										"bt0158, bt0063"					
CC1CC2C3CCC4=COC(=O)C=CC4(C)C3(Cl)C(O)CC2(C)C1(OC(=O)c1ccco1)C(=O)C=O			"bt0022, bt0001, bt0071"												
CO				"bt0002, bt0003, bt0027, bt0241, bt0023, bt0243, bt0067, bt0063"						"bt0002, bt0003, bt0158, bt0049, bt0023, bt0001, bt0050, bt0063"			"bt0002, bt0332, bt0384, bt0067, bt0318, bt0063"		
CC1CC2C3CCC4=CC(=O)C=CC4(C)C3(Cl)C(O)CC2(C)C1(OC(=O)c1ccc(O)o1)C(=O)C=O			"bt0022, bt0001, bt0375"												
Oc1ccc2CC3N(CC4CO4)CCC45C(Oc1c24)C(CCC35O)OCCOCCOCCOCCOCC([O-])=O										"bt0003, bt0049, bt0023, bt0001"					
Nc1c(Cl)c(O)c(O)cc1CO					"bt0036, bt0005, bt0067"										
CC12CCC3=C4CCOC(=O)C=C4CCC3C1CCC2(O)CC([O-])=O						"bt0071, bt0030"									
OCCOCCOCCOCCOCCOCCOC1CCC2(O)C(=O)Cc3ccc(O)c4OC1C2(CC=O)c34										"bt0023, bt0063"					
OCC1OC(C(=O)C(O)C1=O)c1ccc(Cl)c(Cc2ccc(O)cc2)c1							"bt0002, bt0023"								
CC1CC2C3CCC4=CC(=O)C=CC4(C)C3(Cl)OC(=O)CC2(C)C1(OC(=O)c1ccco1)C(=O)CO			"bt0002, bt0022, bt0071"												
NCCC12C3Oc4c1c(CC(=O)C2(O)CCC3OCCOCC=O)ccc4O										"bt0049, bt0023, bt0063"					
OC1CCC2(O)C3C\C(=C\C(\O)=C(\O)C([O-])=O)C(=O)C2(CCN3CC=C)C1O															
Oc1ccc2CC3N(CC=C)CCC45C(Oc1c24)C(CCC35O)OCCOCCOCCOCCOCCOCCOCC=O										"bt0023, bt0001"					
COCCCOc1cc(CC(CC(N)C(=O)CC(O)(C(C)C)C([O-])=O)C(C)C)ccc1OC				"bt0002, bt0241, bt0067"											
Cc1c(N)c(Cl)cc(O)c1O					"bt0005, bt0067, bt0162, bt0063"										
NCCC12C3Oc4c1c(CC(=O)C2(O)CCC3OCCOCCOCCOCCOCCOCCOCC=O)ccc4O										"bt0049, bt0023, bt0063"					
CC12CCC3=C4CCOC(=O)CC4(O)CCC3C1CCC2(O)CC#N						"bt0021, bt0071"									
COCCCOc1cc(CC(CC(=O)C(O)CC(C(C)C)C(=O)NCC(C)(C)C(N)=O)C(C)C)ccc1OC				bt0063											
COCCOCCOCCOCCOCCOCCOCCOC1CCC2(O)C(Cc3ccc(O)c(O)c3C2(CC=O)C1=O)NCC=C										"bt0002, bt0158, bt0063"					
CC1CC2C3CCC4=COC(=O)CC(O)C4(C)C3(Cl)C(=O)CC2(C)C1(OC(=O)c1ccco1)C(=O)CCl			"bt0002, bt0021, bt0071"												
OCCOC1CCC2(O)C(Cc3ccc(O)c4OC1C2(CC=O)c34)NCC1CO1										"bt0049, bt0023, bt0063"					
COCCCOc1cc(CC(O)(CC(N)C(=O)CC(C(C)C)C(=O)NCC(C)(C)C(N)=O)C(C)(C)O)ccc1OC				"bt0002, bt0241"											
OCCOCCOCCOC1CCC2(O)C3Cc4ccc(O)c(O)c4C2(CCN3CC=C)C1=O										"bt0002, bt0158, bt0023"					
[O-]C(=O)COCCOCCOCCOCCOCCOCC=O										"bt0003, bt0023"					
CC1CC2C3CCC4=CC(=O)C=CC4(C)C3(Cl)C(O)CC2(C)C1(OC(=O)c1ccco1)C(=O)CO			bt0022												
ONC(=O)C(O)CCCCCC([O-])=O											"bt0027, bt0065, bt0242"				
CC1CC2C3CCC4=COC(=O)C=CC4(C)C3(Cl)C(O)CC2(C)C1(OC(=O)c1ccco1)C(=O)CCl			bt0071												
NCCC12C3Oc4c1c(CC(=O)C2(O)CCC3OCCOCCOCCOCCOCCOCCOCCO)ccc4O										"bt0049, bt0023, bt0063"					
OCC(C(=C)Nc1nccc(n1)-c1cccnc1)C(=O)C([O-])=O														"bt0036, bt0005, bt0351"	
NC(=O)C([O-])=O														"bt0005, bt0065, bt0351"	
COCCCOc1cc(CC(O)(CC(=O)C(=O)CC(C(C)C)C(=O)NCC(C)(C)C(N)=O)C(C)C)ccc1OC				"bt0002, bt0241, bt0063"											
OCCOC1CCC2(O)C(Cc3ccc(O)c4OC1C2(CC=O)c34)NCC=C										"bt0023, bt0063"					
OC1C(CCC2(O)C3Cc4ccc(O)c(O)c4C12CCN3)OCCOCCOCC=O										"bt0158, bt0049, bt0023, bt0063"					
OCC(O)CN1CCC23C4Oc5c2c(CC1C3(O)CCC4O)cc(O)c5O															
CC(C)C(CC(N)C(O)CC(C(C)C)C(=O)NCC(C)(C)C(N)=O)C\C(\C=C/C([O-])=O)=C\C([O-])=O				"bt0254, bt0023"											
OCCOCCOCCOCCOCCOCCOC1CCC2(O)C(Cc3ccc(O)c(O)c3C2(CC=O)C1O)NCC=C										"bt0158, bt0023, bt0063"					
OCCNCC=O					"bt0003, bt0063"										
OC1C(CCC2(O)C3Cc4ccc(O)c(O)c4C12CCN3CC1CO1)OCCOCCOCCOCCOCC=O										"bt0158, bt0049, bt0023"					
Oc1ccc2CC3NCCC45C(Oc1c24)C(CCC35O)OCCOCCOCCOCC=O										"bt0049, bt0023, bt0001, bt0063"					
CC1CC2C3CCC4=COC(=O)C=CC4(C)C3(Cl)C(=O)CC2(C)C1(OC(=O)c1ccco1)C(=O)CO			"bt0002, bt0022, bt0071"												
OCC(O)CN1CCC23C4Oc5c2c(CC1C3(O)CCC4OCCOCCOCCOCCOCCOCC=O)ccc5O										"bt0049, bt0023, bt0050"					
OCCOCCOCCOC1CCC2(O)C3C\C(=C\C=C(\O)C([O-])=O)C(=O)C2(CCN3CC=C)C1O										"bt0158, bt0342, bt0023"					
COCCOCCOCCOCCOCCOCCOCCOC1CCC2(O)C(=O)Cc3ccc(O)c4OC1C2(CCNCC1CO1)c34										"bt0049, bt0063"					
Cc1nc(Nc2nccs2)cc(n1)N1CCN(CC=O)CC1					"bt0001, bt0067, bt0051"										
CNC(=O)C1=NC=CC(=C1)OC2=CC(=C(C=C2)NC(=O)NC3=CC(=C(C=C3)Cl)C(F)(F)F)F															
CC1CC2C3CCC4=CC(=O)C=CC4(C)C3(Cl)C(=O)CC2(C)C1(O)C(=O)CO			"bt0002, bt0024, bt0022, bt0375"												
CCOc1ccc(Cc2cc(ccc2Cl)C(OC(CO)C(O)C(O)=O)C=O)cc1							"bt0002, bt0434, bt0071"								
OC1C(CCC2(O)C3Cc4ccc(O)c(O)c4C12CCN3CC1CO1)OCCOCCOCCOCCOCCOCCOCC=O										"bt0158, bt0049, bt0023"					
COCCOCCOCCOCCOCCOCCOCCOC1CCC2(O)C3Cc4ccc(O)c(O)c4C2(CCN3CC2CO2)C1O										"bt0158, bt0049"					
Cc1cccc(Cl)c1NC(=O)c1cnc(Nc2cc(nc(C)n2)N2CCN(CCO)CC2)s1=O					bt0162										
CC1CC2C3CCC4=CC(=O)C=CC4(C)C3(Cl)OC(=O)CC2(C)C1(OC(=O)c1ccc(O)o1)C(=O)CCl			"bt0002, bt0375, bt0071"												
CC(C)C(CC(N)C(O)CC(C(C)C)C(=O)NCC(C)(C)C(N)=O)Cc1ccc(O)c(OCCC([O-])=O)c1				"bt0003, bt0023"											
NCCO					"bt0003, bt0063"										
NC(N)=NC(N)=N									bt0063						
OC1C(CCC2(O)C(=O)Cc3ccc(O)c(O)c3C12CCNCC=C)OCCOCCOCCOCCOCC=O										"bt0158, bt0023, bt0063"					
COCCOCCOCCOCCOCCOCCOCCOC1CCC2(O)C3Cc4ccc(O)c5OC1C2(CCN3CC1CO1)c45										bt0049					
OC1CCC2(O)C(Cc3ccc(O)c(O)c3C2(CC=O)C1=O)NCC=C															
CCOc1ccc(Cc2cc(ccc2Cl)C(=O)C(O)C(O)C(O)C(O)C([O-])=O)cc1							"bt0003, bt0023, bt0001"								
Cc1cn(cn1)-c1cc(NC(=O)c2ccc(C=O)c(Nc3nccc(n3)-c3cccnc3)c2)cc(c1)C(F)(F)F														"bt0036, bt0001"	
COCCCOc1cc(CC(CC(N)C(=O)CC(C(C)C)C(=O)NCC(C)(C)C([O-])=O)C(C)(C)O)ccc1OC				"bt0002, bt0027, bt0241"											
Oc1ccc2CC(=O)C3(O)CCC(OCCOCCOCCOCCOCCOCCOCC([O-])=O)C4Oc1c2C34CCNCC=C										"bt0003, bt0023, bt0001, bt0063"					
OC1CCC2(O)C3Cc4ccc(O)c(O)c4C2(CCN3CC=C)C1=O										"bt0002, bt0158, bt0023"					
OC1C(OC(C(O)C1=O)c1ccc(Cl)c(Cc2ccc(O)cc2)c1)C=O							"bt0002, bt0001, bt0023"								
OCCOC1CCC2(O)C(Cc3ccc(O)c(O)c3C2(CC=O)C1O)NCC=C										"bt0158, bt0023, bt0063"					
OCCOCC=O										"bt0002, bt0158, bt0049, bt0023, bt0001, bt0050, bt0063"					
Oc1ccc2CC(=O)C3(O)CCC(OCCOCCOCCOCC=O)C4Oc1c2C34CCNCC=C										"bt0023, bt0001, bt0063"					
COCCOCCOCCOCCOCCOCCOCCOC1CCC2(O)C(=O)Cc3ccc(O)c(O)c3C2(CCN)C1O										"bt0158, bt0049, bt0063"					
Cc1cccc(Cl)c1NC(=O)c1cnc(Nc2cc(nc(C)n2)N(CCN)CC=O)s1=O					"bt0063, bt0162"										
Cc1cn(cn1)-c1cc(NC(=O)C([O-])=O)cc(c1)C(F)(F)F														"bt0036, bt0005, bt0351"	
COCCCOc1cc(CC(O)(CC(N)C(=O)CC(O)(C(C)C)C(=O)NCC(C)(C)C(N)=O)C(C)C)ccc1OC				"bt0002, bt0241"											
NC1Cc2cc(O)c(O)c3OC4C(O)CCC1(O)C4(CC=O)c23															
Oc1ccc2CC3N(CC=C)CCC45C(Oc1c24)C(CCC35O)OCCOCCOCCOCC=O										"bt0003, bt0023, bt0001"					
CCOc1ccc(Cc2cc(ccc2Cl)C2OC(C=O)C(=O)C(O)C2O)cc1							"bt0002, bt0001"								
OCCOCCOCCOCCOCCOCCOCCOC1CCC2(O)C3Cc4ccc(O)c5OC1C2(CCN3CC=C)c45										bt0023					
COc1ccc(CC(O)(CC(N)C(=O)CC(C(C)C)C(=O)NCC(C)(C)C(N)=O)C(C)C)cc1OCCCO				"bt0002, bt0241, bt0023"											
CC(C)(C)C(=O)C(=O)NN(CC(O)C(N)Cc1ccccc1)Cc1ccc(cc1)-c1ccccn1													"bt0067, bt0318, bt0063"		
COc1ccc(CC(CC(N)C(O)CC(C(C)C)C([O-])=O)C(C)C)cc1O				"bt0027, bt0023, bt0067, bt0243"											
OCCOC1CCC2(O)C(=O)Cc3ccc(O)c4OC1C2(CCNCC1CO1)c34										"bt0049, bt0023, bt0063"					
COCCOCCOCCOCCOCCOCCOCCOC1CCC2(O)C3Cc4ccc(O)c(O)c4C2(CCN3CC=C)C(=O)O1										"bt0002, bt0158, bt0071"					
OC1CCC2(O)C(=O)Cc3ccc(O)c4OC1C2(CC([O-])=O)c34															
NC1Cc2ccc(O)c3OC4C(CCC1(O)C4(CC=O)c23)OCCOCCO										"bt0023, bt0063"					
OCCOC1CCC2(O)C(=O)Cc3ccc(O)c4OC1C2(CCNCC=C)c34										"bt0023, bt0063"					
COC(=O)NC(C(=O)NC(Cc1ccccc1)C(=O)CN(N)Cc1ccc(cc1)-c1ccccn1)C(C)(C)CO													"bt0332, bt0002, bt0067, bt0318"		
COc1ccc(CC(CC(N)C(=O)CC(C(C)C)C(=O)NCC(C)(C)C(N)=O)C(C)(C)O)cc1OCCCO				"bt0002, bt0241, bt0023"											
Oc1ccc2CC3N(CC=C)CCC45C(Oc1c24)C(CCC35O)OCCOCCOCCOCCOCCOCC=O										"bt0003, bt0023, bt0001"					
OC1C(=O)CCC2(O)C3CC(CC(=O)C([O-])=O)=C(C([O-])=O)C12CCN3CC=C															
OCCOCCOC1CCC2(O)C3Cc4ccc(O)c5OC1C2(CCN3CC=C)c45										"bt0003, bt0023, bt0001"					
OCCOCCOCCOCCOC1CCC2(O)C3Cc4ccc(O)c5OC1C2(CCN3CC(O)CO)c45										"bt0049, bt0023, bt0050"					
OCC(O)C(O)C(O)C=O							"bt0023, bt0237"								
OC1CCC2(O)C3Cc4ccc(O)c5OC1C2(CCN3)c45										"bt0049, bt0023, bt0050, bt0063"					
COCCOCCOCCOCCOCCOCCOCCOC1CCC2(O)C3C\C(=C\C=C(\O)C([O-])=O)C(=O)C2(CCN3CC=C)C1O										"bt0158, bt0342"					
OCCOCCOCCOCCOCCOC1CCC2(O)C3Cc4ccc(O)c5OC1C2(CCN3CC(O)CO)c45										"bt0049, bt0023, bt0050"					
OC(C=O)C(O)C(O)C(O)C(=O)c1ccc(Cl)c(Cc2ccc(O)cc2)c1							"bt0001, bt0023"								
OC1CCC2(O)C(Cc3ccc(O)c(O)c3C2(CC([O-])=O)C1O)NCC=C															
OC1CCC2(O)C(=O)Cc3ccc(O)c4OC1C2(CC=O)c34										"bt0049, bt0023, bt0063"					
NC1Cc2ccc(O)c3OC4C(CCC1(O)C4(CC=O)c23)OCCOCCOCCOCCOCCO										"bt0023, bt0063"					
COCCOCCOCCOCCOCCOCCOCCOC1CCC2(O)C(Cc3ccc(O)c4OC1C2(CC=O)c34)NCC1CO1										"bt0049, bt0063"					
Oc1cc2CC(=O)C3(O)CCC(=O)C4Oc(c2C34CCNCC=C)c1O										"bt0002, bt0014, bt0023, bt0063"					
[O-]C(=O)C([O-])=O														"bt0005, bt0351, bt0067"	
Nc1c(Cl)cc(O)c(O)c1CO					"bt0036, bt0005, bt0067"										
OCCOCCOCCOCCOCCOCCOC1CCC2(O)C(=O)Cc3ccc(O)c4OC1C2(CCNCC=C)c34										"bt0023, bt0063"					
COCCCOc1cc(CC(CC(N)C(=O)CC(C(=O)NCC(C)(C)C(N)=O)C(C)(C)O)C(C)(C)O)ccc1OC				"bt0002, bt0241"											
NCNc1cc(Cl)c(c(O)c1O)S(N)(=O)=O												"bt0014, bt0144, bt0210, bt0128"			
OC1C(CCC2(O)C3Cc4ccc(O)c(O)c4C12CCN3CC=C)OCCOCCOCCOCCOCCOCCOCC=O										"bt0158, bt0023, bt0001"					
CNC(=O)c1cc(Oc2ccc(N)c(F)c2)ccn1															bt0068
OCC(O)CN1CCC23C4Oc5c2c(CC1C3(O)CCC4OCC=O)ccc5O										"bt0049, bt0023, bt0050"					
OCCOCCOCCOCCOCCOC1CCC2(O)C(Cc3ccc(O)c4OC1C2(CC=O)c34)NCC1CO1										"bt0049, bt0023, bt0063"					
OCCOCCOCCOCC([O-])=O										"bt0003, bt0158, bt0049, bt0023, bt0001, bt0063"					
OC1CCC2(O)C(=O)Cc3ccc(O)c(O)c3C2(CCNCC=C)C1O										"bt0158, bt0023, bt0063"					
NC1Cc2ccc(O)c(O)c2C2(CC=O)C(O)C(O)CCC12O															
[O-]C(=O)C=O					"bt0003, bt0001, bt0063"					"bt0003, bt0023, bt0001"					
C\C(C([O-])=O)=C(/Nc1nccc(n1)-c1cccnc1)\C=C\C(=O)Nc1cc(cc(c1)C(F)(F)F)-n1cnc(C)c1														"bt0005, bt0254, bt0051"	
CC(C)C(CC(N)C(O)CC(C(C)C)C(=O)NCC(C)(C)C([O-])=O)Cc1ccc(O)c(O)c1				"bt0027, bt0023"											
COc1ccc(CC(O)(CC(N)C(=O)CC(C(C)C)C(=O)NCC(C)(C)C(N)=O)C(C)C)cc1O				"bt0002, bt0241, bt0023"											
CC1CC2C3CC\C(=C\O)C(C)(\C=C/C([O-])=O)C3(Cl)C(O)CC2(C)C1(OC(=O)c1ccco1)C(=O)CO			"bt0024, bt0022, bt0071"												
Oc1ccc2CC3N(CC=C)CCC45C(Oc1c24)C(CCC35O)OCCOCCOCCOCCOCCOCCOCC([O-])=O										"bt0003, bt0023, bt0001"					
CC(C)C(CC(N)C(O)CC(C(C)C)C(=O)NCC(C)(C)C(N)=O)Cc1ccc(O)c(O)c1				bt0023											
CC1CC2C3CCC4=CC(=O)C=CC4(C)C3(Cl)C(=O)CC2(C)C1(OC(=O)c1ccco1)C(=O)C=O			"bt0002, bt0022, bt0001"												
COc1ccc(CC(CC(N)C(=O)CC(C(C)C)C(=O)NCC(C)(C)C(N)=O)C(C)C)cc1O				"bt0002, bt0023"											
COc1ccc(CC(CC(=O)C(O)CC(C(C)C)C(=O)NCC(C)(C)C(N)=O)C(C)C)cc1O				"bt0023, bt0063"											
OCCOCCOCCOC1CCC2(O)C(=O)Cc3ccc(O)c4OC1C2(CCNCC=C)c34										"bt0023, bt0063"					
Cc1cn(cn1)-c1cc(NC(=O)c2ccc(C)c(Nc3nccc(n3)C(O)(CNC([O-])=O)CC([O-])=O)c2)cc(c1)C(F)(F)F														"bt0377, bt0005, bt0021"	
COc1ccc(CC(CC(N)C(O)CC(C(C)C)C(N)=O)C(C)C)cc1O				"bt0027, bt0023, bt0243"											
COC(=O)NC(C(=O)NC(Cc1ccccc1)C(=O)CN(Cc1ccc(cc1)-c1ccccn1)NC(=O)C(N)C(C)(C)C)C(C)(C)CO													"bt0332, bt0002, bt0318"		
CC1CC2C3CCC4=CC(=O)C=CC4(C)C3(Cl)C(O)CC2(C)C1(O)C(=O)C=O			"bt0024, bt0022, bt0001, bt0375"												
OC1CCC2(O)C(Cc3ccc(O)c4OC1C2(CC=O)c34)NCC=C										"bt0023, bt0063"					
Oc1ccc2CC3NCCC45C(Oc1c24)C(=O)CCC35O										"bt0002, bt0049, bt0023, bt0063"					
OCCOCCOCCOCCOCCOCCOC1CCC2(O)C3Cc4ccc(O)c5OC1C2(CCN3CC=C)c45										"bt0003, bt0023, bt0001"					
NCCC12C3Oc4c1c(CC(=O)C2(O)CCC3=O)ccc4O										"bt0002, bt0023, bt0063"					
[O-]C(=O)C=C										"bt0002, bt0003, bt0014, bt0158, bt0023, bt0063"					
C1=CC=C(C=C1)NC(=O)CCCCCCC(=O)NO															
Oc1ccc2CC3N(CC4CO4)CCC45C(Oc1c24)C(CCC35O)OCCOCCOCCOCCOCCOCC=O										"bt0049, bt0023, bt0001"					
COCCC([O-])=O				"bt0002, bt0003, bt0027, bt0241, bt0023, bt0243, bt0067, bt0063"											
CC(C)(C(N)=O)C([O-])=O				"bt0002, bt0003, bt0241, bt0243, bt0023, bt0067, bt0063"											
Cc1cccc(Cl)c1NC(=O)c1cnc(Nc2cc(NCCN(CCO)CC=O)nc(C)n2)s1=O					"bt0063, bt0162"										
OCC(O)CNC1Cc2ccc(O)c3OC4C(O)CCC1(O)C4(CC=O)c23															
CC(C)C(CC(N)C(O)CC(C(C)C)C(=O)NCC(C)(C)C(N)=O)Cc1ccc(O)c(OCCCO)c1				bt0023											
OCC(O)CN1CCC23C4Oc5c2c(CC1C3(O)CCC4=O)ccc5O										"bt0002, bt0049, bt0023, bt0050"					
OC1CCC2(O)OC(=O)Cc3ccc(O)c4OC1C2(CCNCC=C)c34										"bt0023, bt0071, bt0063"					
COc1ccc(CC(CC(=O)C(O)CC(C(C)C)C(=O)NCC(C)(C)C([O-])=O)C(C)C)cc1OCCCO				"bt0027, bt0023, bt0063"											
[O-]C(=O)c1ccco1			"bt0024, bt0002, bt0021, bt0022, bt0071"												
C1=CC=C(C=C1)C(C2=CC=CC=C2)(C3=CC=CC=C3Cl)N4C=CN=C4															
COC(=O)NC(C(=O)NC(Cc1ccccc1)C(=O)CN(Cc1ccc(cc1)-c1ccccn1)NC(=O)C(N)C(C)(C)CO)C(C)(C)C													"bt0332, bt0002, bt0318"		
Cc1cc(O)c(O)c(Cl)c1N					"bt0005, bt0067, bt0162, bt0063"										
COC(=O)NC(C(=O)NN(CC(=O)C(=O)Cc1ccccc1)Cc1ccc(cc1)-c1ccccn1)C(C)(C)C													"bt0002, bt0332, bt0067, bt0318, bt0063"		
Cc1cc(O)c(O)c(Cl)c1O					"bt0388, bt0005, bt0067"										
COc1ccc(CC(CC(=O)C(O)CC(C(C)C)C(N)=O)C(C)C)cc1OCCC=O				"bt0023, bt0243, bt0063"											
Cc1ccc(cc1Nc1nccc(n1)C(\CC([O-])=O)=C/NC(O)=O)C(=O)Nc1cc(cc(c1)C(F)(F)F)-n1cnc(CO)c1														"bt0377, bt0036, bt0005"	
COCCCOc1cc(CC(CC(N)C(=O)CC(C(C)C)C(N)=O)C(C)C)ccc1OC				"bt0002, bt0027, bt0243"											
COc1ccc(CC(CC(N)C(=O)CC(C(C)C)C([O-])=O)C(C)C)cc1O				"bt0002, bt0027, bt0067, bt0023, bt0243"											
OCCOCCOCC([O-])=O										"bt0003, bt0158, bt0049, bt0023, bt0001, bt0063"					
CC(C)(C)C(N)C(=O)NC(Cc1ccccc1)C(O)CN(N)Cc1ccc(cc1)-c1ccccn1													"bt0067, bt0318, bt0063"		
OCCOCCOCCOCCOCCOCCOCCOC1CCC2(O)C(Cc3ccc(O)c4OC1C2(CC=O)c34)NCC1CO1										"bt0049, bt0023, bt0063"					
OCCOCCOCCOCCOCCOC1CCC2(O)C3Cc4ccc(O)c5OC1C2(CCN3CC=C)c45										"bt0003, bt0023, bt0001"					
Oc1ccc2CC(=O)C3(O)CCC(OCCOCCOCC=O)C4Oc1c2C34CCNCC1CO1										"bt0049, bt0023, bt0063"					
OCCOCCOCCOC1CCC2(O)C(=O)Cc3ccc(O)c4OC1C2(CCNCC1CO1)c34										"bt0049, bt0023, bt0063"					
COC(=O)NC(C(=O)NC(Cc1ccccc1)C(=O)CN(Cc1ccc(cc1)-c1ccccn1)NC(=O)C(=O)C(C)(C)C)C(C)(C)C													"bt0002, bt0318, bt0063"		
CC1CC2C3CCC4=COC(=O)C=CC4(C)C3(Cl)C(=O)CC2(C)C1(O)C(=O)CCl			"bt0002, bt0024, bt0071"												
COCCCOc1cc(CC(CC(N)C(=O)CC(C(=O)NCC(C)(C)C([O-])=O)C(C)(C)O)C(C)C)ccc1OC				"bt0002, bt0027, bt0241"											
CC1CC2C3CCC4=COC(=O)CC(O)C4(C)C3(Cl)C(O)CC2(C)C1(OC(=O)c1ccco1)C(=O)CO			"bt0021, bt0022, bt0071"												
C\C(C([O-])=O)=C(/Nc1nccc(n1)-c1cccnc1)C=C(C([O-])=O)C([O-])=O														"bt0005, bt0067, bt0254"	
CCOc1ccc(Cc2cc(ccc2Cl)C(O)C(=O)C(O)C(=O)C(=O)CO)cc1							"bt0002, bt0023"								
NC(=O)C(O)CCCCCC(=O)NO											"bt0065, bt0242"				
Cc1nc(Nc2ncc(s2)C([O-])=O)cc(n1)N1CCN(CCO)CC1					bt0067										
Cc1ccc(cc1Nc1nccc(n1)-c1cnc(O)c(O)c1)C(=O)Nc1cc(cc(c1)C(F)(F)F)-n1cnc(C=O)c1														"bt0036, bt0005, bt0001"	
COCCOCCOCCOCCOCCOCCOCCOC1CCC2(O)C(=O)C\C(=C\C=C(\O)C([O-])=O)C(=O)C2(CCNCC=C)C1O										"bt0158, bt0342, bt0063"					
Cc1cn(cn1)-c1cc(NC(=O)c2ccc(C)c(Nc3nccc(n3)-c3cnc(O)c(O)c3)c2)cc(c1)C(F)(F)F														bt0005	
ONC(=O)CCC([O-])=O											"bt0067, bt0337"				
Cc1ccc(cc1Nc1nccc(n1)-c1cnc(O)c(O)c1)C(=O)Nc1cc(cc(c1)C(F)(F)F)-n1cnc(CO)c1														"bt0036, bt0005"	
C1NC2=CC(=C(C=C2S(=O)(=O)N1)S(=O)(=O)N)Cl															
COc1cc(O)c(CC(CC(N)C(O)CC(C(C)C)C(=O)NCC(C)(C)C([O-])=O)C(C)C)cc1O				"bt0027, bt0064, bt0023"											
Nc1cc(Cl)c(cc1O)S(N)(=O)=O												"bt0421, bt0210, bt0144, bt0063"			
OCCOCCOC1CCC2(O)C3Cc4ccc(O)c5OC1C2(CCN3CC1CO1)c45										"bt0049, bt0023"					
CCOc1ccc(Cc2cc(ccc2Cl)C2OC(C=O)C(O)C(O)C2=O)cc1							"bt0002, bt0001"								
CCOc1ccc(Cc2cc(ccc2Cl)C2OC(CO)C(=O)OC(=O)C2O)cc1							"bt0002, bt0071"								
OC1CCC(=O)C2(CCNCC=C)C1Oc1c2c(CC(O)=O)ccc1O															
OCCOCCOCCOC1CCC2(O)C3Cc4ccc(O)c5OC1C2(CCN3CC(O)CO)c45										"bt0049, bt0023, bt0050"					
OC1CCC2(O)OC(=O)Cc3cc(O)c(O)c4OC1C2(CCNCC=C)c34															
COc1ccc(CC(CC(=O)C(O)CC(C(C)C)C([O-])=O)C(C)C)cc1OCCCO				"bt0027, bt0067, bt0023, bt0243, bt0063"											
NS(=O)(=O)c1cc(c(NC=O)cc1Cl)S([O-])(=O)=O												"bt0144, bt0063"			
COC(=O)NC(C([O-])=O)C(C)(C)C=O													"bt0332, bt0001, bt0067"		
Oc1ccc2CC(=O)C3(O)CCC(OCCOCCOCCOCCOCCOCCOCC=O)C4Oc1c2C34CCNCC=C										"bt0023, bt0001, bt0063"					
Oc1ccc2CC3N(CC4CO4)CCC45C(Oc1c24)C(CCC35O)OCCOCC=O										"bt0049, bt0023, bt0001"					
OC1C(O)C(=O)C(OC1C=O)c1ccc(Cl)c(Cc2ccc(O)cc2)c1							"bt0002, bt0001, bt0023"								
OCCOCCOC1CCC2(O)C(=O)Cc3ccc(O)c4OC1C2(CCNCC1CO1)c34										"bt0049, bt0023, bt0063"					
COc1ccc(CC(CC(N)C(O)CC(C(C)C)C([O-])=O)C(C)C)cc1OCCCO				"bt0027, bt0067, bt0023, bt0243"											
CC([O-])=O		"bt0351, bt0352, bt0353"			"bt0005, bt0351, bt0067"	"bt0071, bt0030, bt0427"	"bt0002, bt0003, bt0023"				"bt0027, bt0351, bt0065, bt0352, bt0067, bt0254, bt0337, bt0348"			"bt0036, bt0005, bt0351"	
OCCOCCOCCOCCOCCOCCOC1CCC2(O)C(Cc3ccc(O)c4OC1C2(CC([O-])=O)c34)NCC=C										"bt0003, bt0023, bt0063"					
COc1ccc(CC(CC(N)C(=O)CC(C(C)C)C(=O)NCC(C)(C)C(N)=O)C(C)C)cc1OCCCO				"bt0002, bt0023"											
Cc1cccc(Cl)c1NC(=O)C1=CN=C(Nc2cc(nc(C)n2)N2CCN(CCO)CC2)S1(=O)=O					"bt0193, bt0162"										
C1CC(CCC1C2=CC=C(C=C2)Cl)C3=C(C4=CC=CC=C4C(=O)C3=O)O															
CCOc1ccc(Cc2cc(C=O)ccc2Cl)cc1							"bt0002, bt0023, bt0237"								
NCCC12C3Oc4c1c(CC(=O)C2(O)CCC3OCCOCCOCCO)ccc4O										"bt0049, bt0023, bt0063"					
OC1CCC2(O)C(CC(CC(=O)C([O-])=O)=C(C([O-])=O)C2(CC=O)C1O)NCC=C															
[O-]C(=O)COCCOCCOCCOCCOCC=O										"bt0003, bt0023"					
Cc1nc(NCCN(CCO)CC=O)cc(Nc2ncc(s2)C(=O)Nc2c(C)cccc2Cl)n1					bt0063										
OC1CCC2(O)C3CC(CC(=O)C([O-])=O)=C(C(O)=O)C2(CCN3CC=C)C1O										"bt0014, bt0351, bt0023"					
COCCCOc1cc(CC(CC(N)C(=O)CC(C(C)C)C(N)=O)C(C)(C)O)ccc1OC				"bt0002, bt0241, bt0243"											
NCCC12C3Oc4c1c(CC(=O)C2(O)CCC3OCCO)ccc4O										"bt0049, bt0023, bt0063"					
Oc1ccc2CC3N(CC=C)CCC4(C(=O)C(CCC34O)OCCOCCOCCOCC=O)c2c1O										"bt0002, bt0158, bt0023"					
OC1CCC2(O)C3Cc4ccc(O)c(O)c4C2(CCN3CC2CO2)C1O										"bt0158, bt0049, bt0023"					
OC1CCC2(O)C3Cc4ccc(O)c(O)c4C2(CCN3CC=C)C1O										"bt0158, bt0023"					
OCCOCCOCCOCCOCCOC1CCC2(O)C3Cc4ccc(O)c(O)c4C2(CCN3)C1O										"bt0158, bt0049, bt0023, bt0063"					
OC1C(CCC2(O)C3Cc4ccc(O)c(O)c4C12CCN3CC=C)OCCOCCOCCOCCOCC=O										"bt0158, bt0023, bt0001"					
OCCOCCOCCOCCOCCOCCOCCOC1CCC2(O)C(Cc3ccc(O)c(O)c3C2(CC=O)C1O)NCC=C										"bt0158, bt0023, bt0063"					
CC(C)C(CC(N)C(O)CC(C(C)C)C(=O)NCC(C)(C)C(N)=O)Cc1cc(O)c(O)cc1O				"bt0064, bt0023"											
OC1C(=O)CCC2(O)C3Cc4cc(O)c(O)c(O)c4C12CCN3CC=C										"bt0014, bt0158, bt0023"					
COCCCOc1cc(CC(CC(=O)C(O)CC(C(C)C)C(=O)NCC(C)(C)C([O-])=O)C(C)C)ccc1OC				"bt0027, bt0063"											
CCOc1ccc(Cc2cc(ccc2Cl)C2OC(C=O)C(O)C(=O)C2O)cc1							"bt0002, bt0001"								
COCCOCC=O										"bt0002, bt0003, bt0158, bt0049, bt0023, bt0001, bt0050, bt0063"					
OC1C(CCC2(O)C3Cc4ccc(O)c(O)c4C12CCN3CC=C)OCCOCCOCCOCC=O										"bt0158, bt0023, bt0001"					
Cc1nc(Nc2ncc(C([O-])=O)s2=O)cc(n1)N(CCNCCO)CC=O					"bt0067, bt0063, bt0162"										
COCCOCCOCCOCCOCCOCCOCCOC1CCC2(O)C3Cc4ccc(O)c5OC1C2(CCN3)c45										"bt0049, bt0050, bt0063"					
OC1CCC2(O)C(Cc3cc(O)c(O)c4OC1C2(CC=O)c34)NCC=C										"bt0014, bt0023, bt0063"					
Cc1cn(cn1)-c1cc(NC(=O)c2cc(Nc3nccc(n3)-c3cccnc3)c(C)c(O)c2O)cc(c1)C(F)(F)F														bt0005	
COc1ccc(CC(CC(N)C(O)CC(C(C)C)C(=O)NCC(C)(C)C([O-])=O)C(C)C)cc1O				"bt0027, bt0023"											
CC(C)(C)C(C(=O)NC(CC1=CC=CC=C1)C(CN(CC2=CC=C(C=C2)C3=CC=CC=N3)NC(=O)C(C(C)(C)C)NC(=O)OC)O)NC(=O)OC															
OCCOCCOC1CCC2(O)C3C\C(=C\C=C(\O)C([O-])=O)C(=O)C2(CCN3CC=C)C1O										"bt0158, bt0342, bt0023"					
CCOc1ccc(Cc2cc(ccc2Cl)C2OC(C=O)C(=O)C(=O)C2O)cc1							"bt0002, bt0001"								
OC1CCC2(O)C(=O)CC(CC(=O)C([O-])=O)=C(C(O)=O)C2(CCNCC=C)C1O															
CC(C)C(CC(N)C(O)CC(C(C)C)C([O-])=O)Cc1ccc(O)c(O)c1				"bt0027, bt0023, bt0067, bt0243"											
OCCOCCOCCOCCOC1CCC2(O)C3Cc4ccc(O)c5OC1C2(CCN3CC=C)c45										"bt0003, bt0023, bt0001"					
OCCOCCOCC=O										"bt0002, bt0158, bt0049, bt0023, bt0001, bt0050, bt0063"					
NCCC12C3Oc4c1c(CC(=O)OC2(O)CCC3O)ccc4O															
CC1CC(C2CCC3=CC(=O)C=CC3(C)C2(O)Cl)C(C)(CC([O-])=O)C1(OC(=O)c1ccco1)C(=O)CCl			"bt0024, bt0002, bt0071"												
OCCOCCOCCOCCOCC([O-])=O										"bt0003, bt0158, bt0049, bt0023, bt0001, bt0063"					
Cc1nc(NCCNCC=O)cc(Nc2ncc(s2)C([O-])=O)n1					"bt0067, bt0063"										
OC1CCC2(O)C(Cc3cc(O)c(O)c4OC1C2(CC=O)c34)NCC1CO1															
COc1ccc(CC(CC(N)C(O)CC(C(C)C)C([O-])=O)C(C)C)cc1OCCC([O-])=O				"bt0003, bt0023, bt0067"											
OC(C(O)C(O)c1ccc(Cl)c(Cc2ccc(O)cc2)c1)C(O)C(=O)C=O							"bt0001, bt0023"								
C\C(C([O-])=O)=C(/N)\C(\Cl)=C/C([O-])=O					"bt0005, bt0254, bt0067"										
NC1Cc2ccc(O)c3OC4C(CCC1(O)C4(CC=O)c23)OCCO										"bt0049, bt0023, bt0063"					
OC1CCC2(O)C(Cc3cc(O)c(O)c(O)c3C2(CC=O)C1O)NCC=C															
[O-]C(=O)C(\C=C\Nc1nccc(n1)-c1cccnc1)C(=O)C([O-])=O														"bt0005, bt0351, bt0067"	
CCOc1ccc(Cc2cc(ccc2Cl)C(O)C(O)C(O)C(=O)C(=O)C=O)cc1							"bt0002, bt0001, bt0023"								
COCCOCCOCCOCCOCCOCCOCCOC1CCC2(O)C3Cc4ccc(O)c(O)c4C2(CCN3CC2CO2)C1=O										"bt0002, bt0158, bt0049"					
OCCOCCOCCOCCOCCOCCOC1CCC2(O)C3Cc4ccc(O)c(O)c4C2(CCN3CC2CO2)C1O										"bt0158, bt0049, bt0023"					
CC1CC2C3CCC4=CC(=O)C=CC4(C)C3(Cl)C(=O)CC2(C)C1(OC(=O)c1ccco1)C(=O)CCl			bt0002												
OCCOCCOCCOCCOCCOCCOC1CCC2(O)C3Cc4ccc(O)c5OC1C2(CCN3CC1CO1)c45										"bt0049, bt0023"					
FC(F)(F)C1(OC(=O)Nc2ccc(Cl)cc12)C#CC1CC1=O								"bt0002, bt0242"							
Oc1ccc2CC3N(CC4CO4)CCC45C(Oc1c24)C(CCC35O)OCCOCC([O-])=O										"bt0003, bt0049, bt0023, bt0001"					
OCCOCCOC1CCC2(O)C3Cc4ccc(O)c(O)c4C2(CCN3CC2CO2)C1O										"bt0158, bt0049, bt0023"					
COCCOCCOCCOCCOCCOCCOCCOC1CCC2(O)C3Cc4ccc(O)c5OC1C2(CCN3CC(=O)CO)c45										"bt0002, bt0049, bt0050"					
Cc1nc(Nc2ncc(C([O-])=O)s2=O)cc(n1)N1CCN(CC=O)CC1					"bt0001, bt0067, bt0162"										
Cc1cccc(Cl)c1NC(=O)c1cnc(Nc2cc(nc(C)n2)N(CCNCCO)CC=O)s1=O					"bt0063, bt0162"										
Cc1nc(Nc2ncc(s2)C(=O)Nc2c(C)cccc2Cl)cc(n1)N(CCNCC=O)CC([O-])=O					"bt0003, bt0001, bt0063"										
COC(=O)NC(C(=O)NN(CC(O)C(Cc1ccccc1)NC(=O)C(N)C(C)(C)C)Cc1ccc(cc1)-c1ccccn1)C(C)(C)C													bt0318		
COCC([O-])=O										"bt0002, bt0003, bt0158, bt0049, bt0023, bt0001, bt0063"					
OCC(O)C(O)C(=O)CO							"bt0002, bt0373, bt0023"								
COc1cc(O)c(CC(CC(N)C(O)CC(C(C)C)C(=O)NCC(C)(C)C(N)=O)C(C)C)cc1O				"bt0064, bt0023"											
OC1OC(=O)CCC2(O)C3Cc4ccc(O)c(O)c4C12CCN3CC=C										"bt0158, bt0023, bt0071"					
COCCOCCOCCOCCOCC([O-])=O										"bt0002, bt0003, bt0158, bt0049, bt0023, bt0001, bt0063"					
[O-]C(=O)Nc1ccc(Cl)c(c1)C(F)(F)F															"bt0068, bt0027, bt0243"
OC1CCC2(O)C(=O)Cc3ccc(O)c(O)c3C2(CCNCC=C)C1=O															
COC(=O)NC(C(=O)NN(CC(=O)C(Cc1ccccc1)NC(=O)C(NC(=O)OC)C(C)(C)C=O)Cc1ccc(cc1)-c1ccccn1)C(C)(C)C													"bt0332, bt0002, bt0001"		
COCCOCCOCCOCCOCCOCCOCCOC1CCC2(O)OC(=O)Cc3ccc(O)c4OC1C2(CCN)c34										"bt0049, bt0071, bt0063"					
COCCOCCOCCOCCOCCOCCOCCOC1CCC(=O)C2(CCNCC=C)C1Oc1c2c(CC(O)=O)ccc1O										"bt0434, bt0071, bt0063"					
CC1CC2C3CCC4=COC(=O)CC(O)C4(C)C3(Cl)C(O)CC2(C)C1(OC(=O)c1ccco1)C(=O)CCl			"bt0021, bt0071"												
COCCOCCOCCOCCOCCOCCOCCOC1CCC2(O)OC(=O)Cc3ccc(O)c4OC1C2(CCNCC=C)c34										"bt0071, bt0063"					
N\C=C(/Cl)CC(=O)C([O-])=O					"bt0005, bt0351, bt0067"										
Oc1ccc2CC3NCCC45C(Oc1c24)C(CCC35O)OCCOCCOCCOCCOCC([O-])=O										"bt0003, bt0023, bt0001, bt0063"					
OCC(=O)C(=O)C(O)C(O)C(O)c1ccc(Cl)c(Cc2ccc(O)cc2)c1							"bt0002, bt0023"								
Cc1cn(cn1)-c1cc(NC(=O)c2cc(Nc3nccc(n3)-c3cccnc3)c(CO)c(O)c2O)cc(c1)C(F)(F)F														"bt0036, bt0005"	
NCCC12C3Oc4c1c(CC(=O)C2(O)CCC3OCCOCCOCCOCC=O)ccc4O										"bt0049, bt0023, bt0063"					
COc1ccc(CC(CC(N)C(O)CC(C(C)C)C(N)=O)C(C)C)cc1OCCC=O				"bt0027, bt0023, bt0243, bt0001"											
OCCOCCOCCOCCOC1CCC2(O)C3Cc4ccc(O)c(O)c4C2(CCN3CC=C)C1O										"bt0158, bt0023"					
Cc1cn(cn1)-c1cc(NC(=O)c2ccc(CO)c(Nc3nccc(n3)C(\CC([O-])=O)=C/NC(O)=O)c2)cc(c1)C(F)(F)F														"bt0377, bt0036, bt0005"	
Oc1ccc2CC(NCC3CO3)C3(O)CCC(=O)C4Oc1c2C34CC=O										"bt0002, bt0049, bt0023, bt0063"					
COCCCOc1cc(CC(CC(N)C(=O)CC(C(C)C)C(=O)NCC(C)(C)C(N)=O)C(C)(C)O)ccc1O				"bt0002, bt0241, bt0023"											
CCOc1ccc(Cc2cc(ccc2Cl)C(O)C(O)C(O)C(O)C(=O)C=O)cc1							"bt0001, bt0023"								
OCCOCCOCCOCCOCCOCCOCCOC1CCC2(O)C3Cc4ccc(O)c(O)c4C2(CCN3)C1O										"bt0158, bt0049, bt0023, bt0063"					
OC1CCC2(O)C3Cc4cc(O)c(O)c5OC1C2(CCN3CC=C)c45										"bt0014, bt0023"					
NC(=O)C(=O)CCCCCC(=O)NO											"bt0002, bt0065, bt0242"				
CCOc1ccc(Cc2cc(ccc2Cl)C(=O)C(O)C(O)C(=O)C(=O)CO)cc1							"bt0002, bt0023"								
COCCCOc1cc(CC(CC(N)C(=O)CC(C(C)C)C(N)=O)C(C)C)ccc1O				"bt0002, bt0243, bt0023"											
OC1CCC2(O)C3Cc4ccc(O)c(O)c4C2(CCN3)C1=O															
OCCOCCOCCOCCOCCOCCOC1CCC2(O)C3Cc4ccc(O)c(O)c4C2(CCN3)C1O										"bt0158, bt0049, bt0023, bt0063"					
OCCOCCOCCOCCOCCOCCOC1CCC2(O)C3C\C(=C\C=C(\O)C([O-])=O)C(=O)C2(CCN3CC=C)C1O										"bt0158, bt0342, bt0023"					
NC(Cc1ccccc1)C(=O)CN(N)Cc1ccc(cc1)-c1ccccn1													"bt0002, bt0332, bt0067, bt0318"		
OCCOC1CCC2(O)C3Cc4ccc(O)c5OC1C2(CCN3CC=C)c45										"bt0003, bt0023, bt0001"					
COc1ccc(CC(CC(=O)C(O)CC(C(C)C)C([O-])=O)C(C)C)cc1OCCC=O				"bt0027, bt0023, bt0067, bt0243, bt0063"											
Cc1cn(cn1)-c1cc(N)cc(c1)C(F)(F)F														"bt0005, bt0351, bt0067, bt0254"	
Oc1ccc2CC(NCC=C)C3(O)CCC(OCCOCCOCC=O)C4Oc1c2C34CC([O-])=O										"bt0003, bt0023, bt0063"					
OCCOCCOCCOCCO										"bt0002, bt0158, bt0049, bt0023, bt0063"					
OC(C1CCC(CC1)c1ccc(Cl)cc1)C(=O)C(=O)c1ccccc1C([O-])=O	"bt0373, bt0242, bt0044"														
OC1CCC2(O)C3C\C(=C\C=C(\O)C([O-])=O)C(=O)C2(CCN3)C1O															
COc1ccc(CC(CC(N)C(O)CC(C(C)C)C(N)=O)C(C)C)cc1OCCC([O-])=O				"bt0003, bt0023, bt0243"											
Cc1nc(Nc2ncc(s2)C([O-])=O)cc(n1)N(CCN)CC=O					"bt0067, bt0063"										
Oc1ccc2CC(=O)C3(O)CCC(OCCOCCOCCOCCOCCOCC=O)C4Oc1c2C34CCNCC1CO1										"bt0049, bt0023, bt0063"					
Cc1nc(NCCN(CCO)CC=O)cc(Nc2nccs2)n1					"bt0067, bt0051, bt0063"										
OCCOCCOCCOCC=O										"bt0002, bt0158, bt0049, bt0023, bt0001, bt0050, bt0063"					
CC1CC2C3CCC4=COC(=O)C=CC4(C)C3(Cl)C(O)CC2(C)C1(OC(=O)c1ccc(O)o1)C(=O)CCl			"bt0375, bt0071"												
COCCCOc1cc(CC(O)(CC(N)C(=O)CC(C(=O)NCC(C)(C)C(N)=O)C(C)(C)O)C(C)C)ccc1OC				"bt0002, bt0241"											
COCCOCCOCCOCCOCCOCCOCCOC1CCC2(O)C3C\C(=C\CC(=O)C([O-])=O)C(=O)C2(CCN3CC=C)C1O										"bt0158, bt0044, bt0342"					
COCCOCCOCCOCCOCCOCCOCCOC1CCC2(O)C(=O)Cc3ccc(O)c(O)c3C2(CCNCC=C)C1O										"bt0158, bt0063"					
OC1CCC2(O)OC(=O)Cc3ccc(O)c4OC1C2(CCNCC1CO1)c34															
[O-]C(=O)C(=O)C(C=C)C(c1ccccc1)(c1ccccc1Cl)n1ccnc1		"bt0351, bt0353"													
[O-]C(=O)CNc1nccc(n1)-c1cccnc1														"bt0005, bt0351, bt0352"	
COC(=O)NC(C(=O)NC(Cc1ccccc1)C(=O)CN(Cc1ccc(cc1)-c1ccccn1)NC(=O)C(N)C(C)(C)C)C(C)(C)C													"bt0002, bt0318"		
COC(=O)NC(C(=O)NN(CC(=O)C(Cc1ccccc1)NC(=O)C(N)C(C)(C)C)Cc1ccc(cc1)-c1ccccn1)C(C)(C)C													"bt0002, bt0318"		
CC(C)C(CC(N)C(=O)CC(C(C)C)C(=O)NCC(C)(C)C(N)=O)Cc1ccc(O)c(OCCCO)c1				"bt0002, bt0023"											
OC1CC1C#CC1(OC(=O)Nc2c(O)c(O)c(Cl)cc12)C(F)(F)F								"bt0005, bt0242"							
OC1CCC2(O)C3CC(CC(=O)C([O-])=O)=C(C([O-])=O)C2(CCN3)C1O															
CC1CC2C3CCC4(O)CC(=O)C=CC4(C)C3(Cl)OC(=O)CC2(C)C1(OC(=O)c1ccco1)C(=O)CCl			"bt0002, bt0021, bt0071"												
OCCOCCOCCOCCOCCOCCOC1CCC2(O)C(Cc3ccc(O)c4OC1C2(CC=O)c34)NCC=C										"bt0023, bt0063"					
OC1C(O)C(OC(C1O)c1ccc(Cl)c(Cc2ccc(O)cc2)c1)C([O-])=O							"bt0003, bt0023, bt0001"								
NC1Cc2ccc(O)c3OC4C(O)CCC1(O)C4(CC=O)c23										"bt0023, bt0063"					
CCOc1ccc(Cc2cc(ccc2Cl)C2OC(C(O)C(O)C2O)C([O-])=O)cc1							"bt0003, bt0001"								
Oc1ccc2CC3N(CC=C)CCC45C(Oc1c24)C(CCC35O)OCCOCCOCC([O-])=O										"bt0003, bt0023, bt0001"					
CN(C)C(=N)N=C(N)N															
CC1CC2C3CCC4=COC(=O)CC(O)C4(C)C3(Cl)C(O)CC2(C)C1(OC(=O)c1ccc(O)o1)C(=O)CCl			"bt0021, bt0375, bt0071"												
[O-]S(=O)(=O)c1cc2c(NCNS2(=O)=O)cc1Cl												bt0144			
OC1C(CCC2(O)C3Cc4ccc(O)c(O)c4C12CCN3CC=C)OCCOCCOCCOCCOCCOCCOCC([O-])=O										"bt0003, bt0158, bt0023, bt0001"					
OC1CCC2(O)C(Cc3ccc(O)c(O)c3C2(CC=O)C1O)NCC1CO1															
CC1CC2C3CCC4=CC(=O)C=CC4(C3(C(CC2(C1(C(=O)CCl)OC(=O)C5=CC=CO5)C)O)Cl)C															
OCC(O)C(O)C(O)C(O)C(=O)c1ccc(Cl)c(Cc2ccc(O)cc2)c1							bt0023								
OCCOC1CCC2(O)C3Cc4ccc(O)c5OC1C2(CCN3CC1CO1)c45										"bt0049, bt0023"					
CC1CC2C3CCC4=CC(=O)C=CC4(C)C3(Cl)C(O)CC2(C)C1(OC(=O)c1ccco1)C(=O)C=O			"bt0022, bt0001"												
NC1Cc2ccc(O)c3OC4C(CCC1(O)C4(CC=O)c23)OCCOCCOCCOCCOCCOCCOCCO										"bt0023, bt0063"					
Oc1ccc2CC3NCCC45C(Oc1c24)C(CCC35O)OCCOCCOCCOCC([O-])=O										"bt0003, bt0023, bt0063"					
COCCOCCOCCOCCOCCOCCOCCOC1CCC2(O)C(N)Cc3ccc(O)c4OC1C2(CC([O-])=O)c34										"bt0003, bt0063"					
COCCOCCOCCOCCOCCOCCOCCOC1CCC2(O)C(=O)Cc3ccc(O)c4OC1C2(CCNCC=C)c34										bt0063					
OCCOCCOCCOCCOCCOCCOCCOC1CCC2(O)C3Cc4ccc(O)c(O)c4C2(CCN3CC=C)C1O										"bt0158, bt0023"					
CC(C)(C)CN													"bt0002, bt0067, bt0318, bt0051"		
OCCOC1CCC2(O)C3Cc4ccc(O)c5OC1C2(CCN3CC(O)CO)c45										"bt0049, bt0023, bt0050"					
COc1ccc(CC(CC(N)C(=O)CC(C(C)C)C([O-])=O)C(C)C)cc1OCCC=O				"bt0002, bt0023, bt0067"											
CCOc1ccc(Cc2cc(ccc2Cl)C2OC(CO)C(=O)C(O)C2O)cc1							bt0002								
CC1CC2C3CCC4=COC(=O)C=CC4(C)C3(Cl)C(O)CC2(C)C1(O)C(=O)CCl			"bt0024, bt0376, bt0375, bt0071"												
COCCCOc1cc(CC(CC(N)C(O)CC(C(C)C)C(=O)NCC(C)(C)C([O-])=O)C(C)C)ccc1OC				bt0027											
OC1CCC2(O)C3CC(CC(=O)C([O-])=O)=C(C(O)=O)C2(CCN3)C1O															
OCCOCCOCCOCCOCCOCCOC1CCC2(O)C3Cc4ccc(O)c5OC1C2(CCN3CC(O)CO)c45										"bt0049, bt0023, bt0050"					
CC1CC2C3CCC4=CC(=O)C=CC4(C)C3(Cl)C(O)CC2(C)C1(O)C(=O)CO			"bt0024, bt0376, bt0022, bt0375"												
Oc1ccc2CC3N(CC4CO4)CCC45C(Oc1c24)C(CCC35O)OCC([O-])=O										"bt0003, bt0049, bt0023, bt0001"					
Cc1cn(cn1)-c1cc(NC(=O)c2ccc(C)c(Nc3nccc(n3)C(\CC([O-])=O)=C/N)c2)cc(c1)C(F)(F)F														"bt0377, bt0005, bt0318"	
OCCOCCOCCOCCOC1CCC2(O)C(=O)Cc3ccc(O)c4OC1C2(CC=O)c34										"bt0023, bt0063"					
COCCOCCOCCOCCOCCOCCOCCOC1CCC2(O)C3Cc4ccc(O)c(O)c4C2(CCN3CC(O)CO)C1O										"bt0158, bt0049, bt0050"					
COc1ccc(CC(CC(N)C(O)CC(C(C)C)C(=O)NCC(C)(C)C([O-])=O)C(C)C)cc1OCCC([O-])=O				"bt0003, bt0027, bt0023"											
CCOc1ccc(Cc2cc(ccc2Cl)C2OC(CO)C(=O)C(O)C(=O)O2)cc1							"bt0002, bt0071"								
Oc1ccc2CC3N(CC4CO4)CCC45C(Oc1c24)C(CCC35O)OCCOCCOCCOCC=O										"bt0049, bt0023, bt0001"					
COCCOCCOCCO										"bt0002, bt0003, bt0158, bt0049, bt0023, bt0001, bt0050, bt0063"					
Cc1nc(Nc2nccs2=O)cc(n1)N1CCN(CCO)CC1					"bt0067, bt0051, bt0162"										
Oc1ccc2CC3NCCC45C(Oc1c24)C(CCC35O)OCC=O										"bt0049, bt0023, bt0001, bt0063"					
OC1C(=O)CCC2(O)C3Cc4ccc(O)c(O)c4C12CCN3CC=C										"bt0002, bt0158, bt0023"					
Oc1ccc2CC3N(CC4CO4)CCC45C(Oc1c24)C(CCC35O)OCCOCCOCCOCCOCC=O										"bt0049, bt0023, bt0001"					
OC1CCC2(O)C3C\C(=C\C=C(\O)C([O-])=O)C(=O)C2(CCN3CC=C)C1=O															
COc1ccc(CC(CC(=O)C(O)CC(C(C)C)C([O-])=O)C(C)C)cc1O				"bt0027, bt0023, bt0067, bt0243, bt0063"											
CCOc1ccc(Cc2cc(ccc2Cl)C2OC(C(O)C(=O)C2O)C([O-])=O)cc1							"bt0002, bt0003, bt0001"								
CC(C)(C=O)C(N)=O				"bt0002, bt0003, bt0064, bt0241, bt0243, bt0023, bt0067, bt0063"											
CC(C)C(CC(N)C(O)CC(C(C)C)C([O-])=O)Cc1ccc(O)c(OCCC=O)c1				"bt0023, bt0067"											
Oc1ccccc1O											"bt0065, bt0067"				
COc1ccc(CC(CC(N)C(=O)CC(C(=O)NCC(C)(C)C(N)=O)C(C)(C)O)C(C)C)cc1OCCCO				"bt0002, bt0241, bt0023"											
NC(=O)CCCCCC(=O)C(=O)NO											"bt0002, bt0065, bt0242"				
OCC1OC(C(=O)C(O)C1O)c1ccc(Cl)c(Cc2ccc(O)cc2)c1							"bt0002, bt0023"								
COc1ccc(CC(CC(N)C(=O)CC(C(C)C)C(=O)NCC(C)(C)C(N)=O)C(C)C)cc1OCCC([O-])=O				"bt0002, bt0003, bt0023"											
OC1CCC2(O)C3CC(CC(=O)C([O-])=O)=C(C([O-])=O)C2(CCN3CC=C)C1=O															
COc1ccc(CC(CC(=O)C(O)CC(C(C)C)C(=O)NCC(C)(C)C([O-])=O)C(C)C)cc1OCCC=O				"bt0027, bt0023, bt0063"											
COCCCOc1cc(CC(CC(N)C(=O)CC(O)(C(C)C)C(=O)NCC(C)(C)C(N)=O)C(C)C)ccc1O				"bt0002, bt0241, bt0023"											
CC(C)C(CC(N)C(=O)CC(C(C)C)C(=O)NCC(C)(C)C(N)=O)Cc1ccc(O)c(O)c1				"bt0002, bt0023"											
OC1C(=O)CCC2(O)C(Cc3ccc(O)c(O)c3C12CC=O)NCC=C										"bt0002, bt0158, bt0023, bt0063"					
OCC1OC(C(=O)C(=O)C1O)c1ccc(Cl)c(Cc2ccc(O)cc2)c1							"bt0002, bt0023"								
COc1ccc(CC(CC(N)C(=O)CC(O)(C(C)C)C(=O)NCC(C)(C)C(N)=O)C(C)C)cc1O				"bt0002, bt0241, bt0023"											
OCC1OC(OC(=O)C(O)C1O)c1ccc(Cl)c(Cc2ccc(O)cc2)c1							"bt0002, bt0023, bt0071"								
CC1CC2C3CC\C(=C\O)C(C)(\C=C/C([O-])=O)C3(Cl)C(=O)CC2(C)C1(OC(=O)c1ccco1)C(=O)CCl			"bt0024, bt0002, bt0071"												
COCCOCCOCCOCCOCCOCCOCCOC1CCC2(O)C(=O)Cc3ccc(O)c(O)c3C2(CCNCC=C)C1=O										"bt0002, bt0158, bt0063"					
C\C(=C\C([O-])=O)\C(\N)=C(\Cl)C([O-])=O					"bt0005, bt0254, bt0067"										
C=O				"bt0002, bt0003, bt0027, bt0064, bt0241, bt0023, bt0243, bt0067, bt0001, bt0063"					bt0063	"bt0002, bt0003, bt0158, bt0049, bt0023, bt0001, bt0050, bt0063"			"bt0384, bt0001, bt0318"		"bt0068, bt0243, bt0067, bt0063"
OCCOCCOCCOCCOCCOCCOCCOC1CCC2(O)C(Cc3ccc(O)c4OC1C2(CC([O-])=O)c34)NCC=C										"bt0003, bt0023, bt0063"					
COCCOCCOCCOCCOCCOCCOCCOC1CCC2(O)C(=O)Cc3ccc(O)c4OC1C2(CC([O-])=O)c34										"bt0003, bt0049, bt0063"					
OC1CCC2(O)C3Cc4cc(O)c(O)c(O)c4C2(CCN3)C1O															
COCCC=O				"bt0002, bt0027, bt0241, bt0023, bt0243, bt0067, bt0063"											
NS(=O)(=O)c1cc(O)c(NC=O)cc1Cl												"bt0210, bt0144, bt0063"			
Cc1cccc(Cl)c1NC(=O)c1cnc(Nc2cc(NCCNCC([O-])=O)nc(C)n2)s1					"bt0003, bt0063"										
OCCOCCOCCOCCOCCOCC([O-])=O										"bt0003, bt0158, bt0023, bt0001, bt0063"					
CC(C)C(CC(=O)C(O)CC(C(C)C)C(=O)NCC(C)(C)C(N)=O)Cc1ccc(O)c(O)c1				"bt0023, bt0063"											
OC1C(=O)CCC2(O)C3CC(CC(=O)C([O-])=O)=C(C(O)=O)C12CCN3CC=C										"bt0014, bt0351, bt0023"					
OCc1cn(cn1)-c1cc(NC(=O)C([O-])=O)cc(c1)C(F)(F)F														"bt0036, bt0005, bt0351"	
Clc1ccc(cc1)C1CCC(CC1)C1C(=O)C(=O)c2ccccc2C1=O	bt0044														
CC1CC2C3CC\C(=C\O)C(C)(\C=C/C([O-])=O)C3(Cl)C(O)CC2(C)C1(OC(=O)c1ccco1)C(=O)CCl			"bt0024, bt0071"												
OCCOCCOCCOCCOC1CCC2(O)C3Cc4ccc(O)c(O)c4C2(CCN3)C1O										"bt0158, bt0049, bt0023, bt0063"					
CCOc1ccc(Cc2cc(ccc2Cl)C(=O)C(O)C(=O)C(O)C(=O)CO)cc1							"bt0002, bt0023"								
Cc1nc(Nc2nccs2)cc(n1)N1CCNCC1					"bt0067, bt0051, bt0063"										
c1ccoc1			"bt0024, bt0002, bt0021, bt0022, bt0071, bt0051"												
Oc1ccc2CC(NCC=C)C3(O)CCC(OCCOCCOCCOCCOCC=O)C4Oc1c2C34CC([O-])=O										"bt0003, bt0023, bt0063"					
[O-]C(=O)CCC(=O)C([O-])=O			"bt0024, bt0376, bt0002, bt0022, bt0375"												
CC(C)C(CC(N)C(O)CC(C(C)C)C(N)=O)Cc1ccc(O)c(O)c1				"bt0027, bt0023, bt0243"											
Cc1nc(NCCN(CCO)CC=O)cc(Nc2ncc(s2)C([O-])=O)n1					"bt0067, bt0063"										
COCCOCCOCCOCCOCCOCCOCCOC1CCC2(O)C(Cc3ccc(O)c(O)c3C2(CC([O-])=O)C1O)NCC=C										"bt0003, bt0158, bt0063"					
OC1CC1C#CC1(OC(=O)Nc2ccc(Cl)cc12)C(F)(F)F								bt0242							
OCCOCCOCCO										"bt0002, bt0158, bt0049, bt0023, bt0050, bt0063"					
OCCOCCOCCOC1CCC2(O)C3Cc4ccc(O)c(O)c4C2(CCN3CC2CO2)C1O										"bt0158, bt0049, bt0023"					
[O-]C(=O)CCC([O-])=O											"bt0065, bt0254, bt0348"				
ONC(=O)CCCCCC(O)C([O-])=O											"bt0027, bt0065, bt0242"				
Cc1nc(N)cc(Nc2ncc(s2)C(=O)Nc2c(C)cccc2Cl)n1					"bt0003, bt0063"										
COCCCOc1cc(CC(CC(N)C(C)=O)C(C)C)ccc1OC				"bt0002, bt0241, bt0427"											
OCC1OC(C(O)C(=O)C1=O)c1ccc(Cl)c(Cc2ccc(O)cc2)c1							"bt0002, bt0023"								
OC(CN1CCC23C4Oc5c2c(CC1C3(O)CCC4O)ccc5O)C=O															
OCCOCCOCCOCCOCCOCCOCCOC1CCC2(O)C3Cc4ccc(O)c5OC1C2(CCN3CC1CO1)c45										"bt0049, bt0023"					
Oc1cc2c(NCNS2(=O)=O)cc1Cl												"bt0210, bt0144"			
Oc1ccc2CC3N(CC=C)CCC4(C(=O)C(CCC34O)OCCOCCOCC=O)c2c1O										"bt0002, bt0158, bt0023"					
COCCCOc1cc(CC(CC(N)C(O)CC(C(C)C)C(=O)NCC(C)(C)C([O-])=O)C(C)C)ccc1O				"bt0027, bt0023"											
Oc1ccc2CC3N(CC4CO4)CCC45C(Oc1c24)C(CCC35O)OCCOCCOCCOCCOCCOCC([O-])=O										"bt0003, bt0049, bt0023, bt0001"					
Oc1ccc2CC3N(CC=C)CCC4(C(=O)C(=O)CCC34O)c2c1O										"bt0002, bt0158, bt0023"					
Oc1ccc2CC(=O)C3(O)CCC(OCC=O)C4Oc1c2C34CCNCC1CO1										"bt0049, bt0023, bt0063"					
COCCOCCOCCOCCOCCOCCOCCOC1CCC2(O)C(Cc3ccc(O)c(O)c3C2(CC=O)C1O)NCC1CO1										"bt0158, bt0049, bt0063"					
Oc1ccc2CC(NCC=C)C3(O)CCC(OCCOCCOCCOCC=O)C4Oc1c2C34CC([O-])=O										"bt0003, bt0023, bt0063"					
OC1C(=O)CCC2(O)C(=O)Cc3ccc(O)c(O)c3C12CCNCC=C										"bt0002, bt0158, bt0023, bt0063"					
OCC1OC(C(O)C(O)C1=O)c1ccc(Cl)c(Cc2ccc(O)cc2)c1							"bt0002, bt0023"								
Cc1nc(Nc2ncc(s2)C([O-])=O)cc(n1)N1CCN(CC=O)CC1					"bt0001, bt0067"										
CC(C)C(CC(N)C(O)CC(C(C)C)C(N)=O)Cc1ccc(O)c(OCCCO)c1				"bt0243, bt0023"											
[O-]C(=O)\C=C/C=C\C([O-])=O											"bt0065, bt0254, bt0067"				
CC1CC2C3CCC4=CC(=O)C=CC4(C)C3(Cl)C(O)CC2(C)C1(OC(=O)C(=O)CCC([O-])=O)C(=O)CCl			"bt0376, bt0375"												
CC(C)(C)C(N)C(=O)NN(CC(O)C(=O)Cc1ccccc1)Cc1ccc(cc1)-c1ccccn1													"bt0067, bt0243, bt0318, bt0063"		
OC1C(=O)CCC2(O)C3C\C(=C\C=C(\O)C([O-])=O)C(=O)C12CCN3CC=C										"bt0002, bt0158, bt0342, bt0023"					
OC1CCC2(O)C3CC(=O)C(C([O-])=O)C2(CCN3CC=C)C1O															
COCCCOc1cc(CC(CC(N)C(=O)CC(C(C)C)C([O-])=O)C(C)C)ccc1O				"bt0002, bt0067, bt0023"											
OCCOCCOC1CCC2(O)C(=O)Cc3ccc(O)c4OC1C2(CCNCC=C)c34										"bt0023, bt0063"					
CC12CCC3=C4CCOC(=O)C=C4CCC3C1CCC2(O)CC#N						bt0071									
COCCOCCOCCOCCOCCOCCOCCOC1CCC2(O)C3C\C(=C\C=C(\O)C([O-])=O)C(=O)C2(CCN3)C1O										"bt0158, bt0049, bt0342, bt0063"					
Nc1ccc(Oc2cc(nc(O)c2O)C([O-])=O)cc1F															"bt0068, bt0005, bt0067"
OCCOC1CCC2(O)OC(=O)Cc3ccc(O)c4OC1C2(CCNCC=C)c34										"bt0023, bt0071, bt0063"					
OCCOCCOCCOC1CCC2(O)C(Cc3ccc(O)c(O)c3C2(CC=O)C1O)NCC=C										"bt0158, bt0023, bt0063"					
OC1C(CCC2(O)C(=O)Cc3ccc(O)c(O)c3C12CCNCC=C)OCCOCC=O										"bt0158, bt0023, bt0063"					
CCOc1ccc(Cc2cc(ccc2Cl)C(O)C(=O)C(O)C(O)C(=O)CO)cc1							"bt0002, bt0023"								
OCCOCCOCCOCCOCCOCC=O										"bt0002, bt0158, bt0049, bt0023, bt0001, bt0063"					
CCOc1ccc(Cc2cc(ccc2Cl)C(=O)C(O)C(=O)C(O)C(O)CO)cc1							"bt0002, bt0023"								
COCCOCC([O-])=O										"bt0002, bt0003, bt0158, bt0049, bt0023, bt0001, bt0063"					
COCCOCCOCCOCCOCCOCCOCCOC1CCC2(O)OC(=O)Cc3ccc(O)c4OC1C2(CCNCC1CO1)c34										"bt0049, bt0071, bt0063"					
CC(=O)Nc1nccc(n1)-c1cccnc1														"bt0005, bt0351, bt0352"	
COc1ccc(CC(CC(N)C(O)CC(C(C)C)C(N)=O)C(C)C)cc1OCCCO				"bt0027, bt0243, bt0023"											
COCCOCCOCCOCCOCCOCCOCCOC1CCC2(O)C3Cc4ccc(O)c(O)c4C2(CCN3CC=C)C1O										bt0158					
Oc1ccc2CC3N(CC4CO4)CCC45C(Oc1c24)C(=O)CCC35O										"bt0002, bt0049, bt0023"					
Cc1cn(cn1)-c1cc(NC(=O)c2ccc(CO)c(Nc3nccc(n3)-c3cccnc3)c2)cc(c1)C(F)(F)F														bt0036	
COCCOCCOCCOCCOCCO										"bt0002, bt0003, bt0158, bt0049, bt0023, bt0001, bt0050, bt0063"					
Cc1cn(cn1)-c1cc(NC(=O)C(=C\C(\Nc2nccc(n2)-c2cccnc2)=C(\CO)C([O-])=O)\C([O-])=O)cc(c1)C(F)(F)F														"bt0036, bt0005, bt0254"	
OCCOCCOCCOCCOC1CCC2(O)C3Cc4ccc(O)c5OC1C2(CCN3CC1CO1)c45										"bt0049, bt0023"					
CCOc1ccc(Cc2cc(ccc2Cl)C(=O)C(=O)C(O)C(=O)C(O)CO)cc1							"bt0002, bt0023"								
Oc1ccc2CC(=O)C3(O)CCC(OCCOCC=O)C4Oc1c2C34CCNCC=C										"bt0023, bt0001, bt0063"					
COc1ccc(CC(CC(N)C(=O)CC(C(C)C)C(=O)NCC(C)(C)C(N)=O)C(C)C)cc1OCCC=O				"bt0002, bt0023, bt0001"											
OCCOCCOCCOCCOC1CCC2(O)C(Cc3ccc(O)c4OC1C2(CC([O-])=O)c34)NCC=C										"bt0003, bt0023, bt0063"					
NC1Cc2ccc(O)c3OC4C(CCC1(O)C4(CC=O)c23)OCCOCCOCCOCCOCCOCCO										"bt0049, bt0023, bt0063"					
OC1C(CCC2(O)C3Cc4ccc(O)c(O)c4C12CCN3CC1CO1)OCC=O										"bt0158, bt0049, bt0023"					
CCOc1ccc(Cc2cc(ccc2Cl)C(O)C(O)C(=O)C(O)C(=O)C=O)cc1							"bt0002, bt0001, bt0023"								
COCCCOc1cc(CC(CC(N)C(O)CC(C(C)C)C([O-])=O)C(C)C)ccc1OC				"bt0027, bt0067, bt0243"											
OCCOC1CCC2(O)C(=O)Cc3ccc(O)c(O)c3C2(CCNCC=C)C1O										"bt0158, bt0023, bt0063"					
OCC(=O)C(O)C(O)C(=O)C(O)c1ccc(Cl)c(Cc2ccc(O)cc2)c1							"bt0002, bt0023"								
NCNc1cc(Cl)c(O)cc1S([O-])(=O)=O												"bt0210, bt0144"			
OC1CCC2(O)C3C\C(=C\CC(=O)C([O-])=O)C(=O)C2(CCN3CC=C)C1O															
Oc1c(O)c(cc(c1Cl)S([O-])(=O)=O)S([O-])(=O)=O												"bt0065, bt0144"			
NCCC12C3Oc4c1c(CC(=O)C2(O)CCC3OCCOCCOCC=O)ccc4O										"bt0049, bt0023, bt0063"					
CC(C)C(CC(N)C(O)CC(C(C)C)C([O-])=O)Cc1ccc(O)c(OCCCO)c1				"bt0067, bt0023"											
COCCCOc1cc(CC(CC(N)C(=O)CC(C(=O)NCC(C)(C)C(N)=O)C(C)(C)O)C(C)C)ccc1OC				"bt0002, bt0241"											
OCCOCCOCCOCCOC1CCC2(O)C(=O)Cc3ccc(O)c4OC1C2(CCNCC1CO1)c34										"bt0049, bt0023, bt0063"					
OCCOCCOCCOCCOCCOCCOCCOC1CCC2(O)C3Cc4ccc(O)c5OC1C2(CCN3CC(O)CO)c45										"bt0049, bt0023, bt0050"					
NCCC12C3Oc4c1c(CC(=O)C2(O)CCC3OCCOCCOCCOCCOCCOCCO)ccc4O										"bt0049, bt0023, bt0063"					
COc1ccc(CC(CC(=O)C(O)CC(C(C)C)C(=O)NCC(C)(C)C(N)=O)C(C)C)cc1OCCC=O				"bt0023, bt0001, bt0063"											
COCCOCCOCCOCCOCCOCCOCCOC1CCC2(C3CC4=C5C2(C1OC5=C(C=C4)O)CCN3CC=C)O															
CC(\C(N)=C\Cl)C(=O)C([O-])=O					"bt0005, bt0351, bt0067"										
OCC(O)CN1CCC23C4Oc5c2c(CC1C3(O)CCC4OCCOCCOCC=O)ccc5O										"bt0049, bt0023, bt0050"					
OCCOCCOCCOCCOCCOCCOC1CCC2(O)C(Cc3ccc(O)c4OC1C2(CC=O)c34)NCC1CO1										"bt0049, bt0023, bt0063"					
OCCOCCOCCOC1CCC2(O)C(Cc3ccc(O)c4OC1C2(CC=O)c34)NCC1CO1										"bt0049, bt0023, bt0063"					
CCOc1ccc(Cc2cc(ccc2Cl)C2OC(C=O)C(O)C(O)C2O)cc1							bt0001								
[O-]C=O		"bt0351, bt0353"		"bt0351, bt0023"	"bt0005, bt0351, bt0067"						"bt0351, bt0065, bt0067"				
Nc1ccc(Cl)c(c1)C(F)(F)F															"bt0068, bt0243, bt0318"
COCCCOc1cc(CC(O)(CC(N)C(=O)CC(C(C)C)C([O-])=O)C(C)C)ccc1OC				"bt0002, bt0241, bt0067"											
OCCN(CC=O)CC([O-])=O					"bt0003, bt0063"										
OC1CCC2(O)C3Cc4cc(O)c(O)c5OC1C2(CCN3CC1CO1)c45										"bt0014, bt0049, bt0023"					
[O-]C(=O)COCCOCC=O										"bt0003, bt0023"					
COCCOCCOCCOCCOCCOCCOCCOC1CCC2(O)C(Cc3ccc(O)c4OC1C2(CC([O-])=O)c34)NCC1CO1										"bt0003, bt0049, bt0063"					
COC(=O)NCC(C)(C)C													"bt0332, bt0002, bt0067, bt0318, bt0051, bt0063"		
COc1ccc(CC(CC(N)C(=O)CC(C(C)C)C(=O)NCC(C)(C)C([O-])=O)C(C)C)cc1OCCC=O				"bt0002, bt0027, bt0023"											
CCOc1ccc(Cc2cc(ccc2Cl)C(=O)C(=O)C(O)C(O)C(O)C=O)cc1							"bt0002, bt0001, bt0023"								
OCCOCCOCCOCCOCCOC1CCC2(O)C(=O)Cc3ccc(O)c4OC1C2(CCNCC=C)c34										"bt0023, bt0063"					
COC(=O)NC(C(=O)NN(CC(=O)C(Cc1ccccc1)NC(=O)C(NC(=O)OC)C(C)(C)CO)Cc1ccc(cc1)-c1ccccn1)C(C)(C)C													"bt0332, bt0002"		
Cc1nc(NCCN(CC=O)CC([O-])=O)cc(Nc2ncc(s2)C(=O)Nc2c(C)cccc2Cl)n1					"bt0003, bt0001, bt0063"										
OCCOC1CCC2(O)C3Cc4ccc(O)c(O)c4C2(CCN3CC=C)C1O										"bt0158, bt0023"					
Oc1ccc2CC(NCC=C)C3(O)CCC(OCCOCCOCCOCCOCCOCCOCC([O-])=O)C4Oc1c2C34CC=O										"bt0003, bt0023, bt0063"					
Oc1ccc2CC(NCC=C)C3(O)CCC(OCCOCCOCCOCCOCCOCC([O-])=O)C4Oc1c2C34CC=O										"bt0003, bt0023, bt0063"					
COCCCOc1cc(CC(CC(=O)C(O)CC(C(C)C)C(N)=O)C(C)C)ccc1O				"bt0023, bt0243, bt0063"											
Oc1ccc2CC(=O)C3(O)CCC(OCCOCC([O-])=O)C4Oc1c2C34CCNCC=C										"bt0003, bt0023, bt0001, bt0063"					
Nc1c(F)cc(Oc2ccnc(c2)C([O-])=O)c(O)c1O															"bt0068, bt0005, bt0067"
Cc1cccc(Cl)c1NC(=O)c1cnc(Nc2cc(nc(C)n2)N(CCNCCO)CC([O-])=O)s1=O					"bt0003, bt0063, bt0162"										
Cc1cccc(Cl)c1NC(=O)c1cnc(Nc2cc(nc(C)n2)N2CCNCC2)s1=O					"bt0063, bt0162"										
COCCCOc1cc(CC(CC(N)C(=O)CC(C(=O)NCC(C)(C)C(N)=O)C(C)(C)O)C(C)C)ccc1O				"bt0002, bt0241, bt0023"											
Oc1ccc2CC3N(CC4CO4)CCC45C(Oc1c24)C(CCC35O)OCCOCCOCCOCC([O-])=O										"bt0003, bt0049, bt0023, bt0001"					
OC1CCC2(O)C(Cc3cc(O)c(O)c4OC1C2(CC([O-])=O)c34)NCC=C															
Oc1ccc2CC3NCCC45C(Oc1c24)C(CCC35O)OCCOCCOCCOCCOCCOCC([O-])=O										"bt0003, bt0023, bt0063"					
OCCOCCOCCOCCOC1CCC2(O)C(Cc3ccc(O)c4OC1C2(CC=O)c34)NCC=C										"bt0023, bt0063"					
Cc1cccc(Cl)c1NC(=O)c1cnc(Nc2cc(NCCNCC=O)nc(C)n2)s1					bt0063										
Oc1cc2CC3N(CC=C)CCC45C(Oc(c24)c1O)C(=O)CCC35O										"bt0002, bt0014, bt0023"					
Cc1nc(NCCN(CCO)CC([O-])=O)cc(Nc2ncc(s2)C(=O)Nc2c(C)cccc2Cl)n1					"bt0003, bt0063"										
COc1ccc(CC(CC(=O)C(O)CC(C(C)C)C(=O)NCC(C)(C)C(N)=O)C(C)C)cc1OCCCO				"bt0023, bt0063"											
Cc1c(Nc2nccc(n2)-c2cccnc2)cc(C(=O)Nc2cc(cc(c2)C(F)(F)F)-n2cnc(CO)c2)c(O)c1O														"bt0036, bt0005"	
CCOc1ccc(Cc2cc(ccc2Cl)C(=O)C(O)C(O)C(O)C(O)CO)cc1							bt0023								
COCCOCCOCCOCCOCCOCCOCCOC1CCC2(O)C3Cc4ccc(O)c5OC1C2(CCN3CC(O)CO)c45										"bt0049, bt0050"					
[O-]C(=O)c1ccccc1C(=O)C(=O)CC1CCC(CC1)c1ccc(Cl)cc1	"bt0373, bt0044"														
CCOc1ccc(Cc2cc(ccc2Cl)C2OC(CO)C(O)C(=O)OC2O)cc1							"bt0002, bt0071"								
COc1ccc(CC(CC(N)C(O)CC(C(C)C)C(=O)NCC(C)(C)C(N)=O)C(C)C)cc1OCCCO				bt0023											
COCCCOc1cc(CC(CC(=O)C(=O)CC(C(C)C)C(=O)NCC(C)(C)C([O-])=O)C(C)C)ccc1OC				"bt0002, bt0027, bt0063"											
COc1ccc(CC(CC(=O)C(=O)CC(C(C)C)C(=O)NCC(C)(C)C(N)=O)C(C)C)cc1O				"bt0002, bt0023, bt0063"											
Oc1ccc2CC(NCC=C)C3(O)CCC(OCC([O-])=O)C4Oc1c2C34CC=O										"bt0003, bt0023, bt0063"					
OCCOCCOCCOCCOCCOCCOCCOC1CCC2(O)OC(=O)Cc3ccc(O)c4OC1C2(CCNCC=C)c34										"bt0023, bt0071, bt0063"					
OCCOCCOCCOCCOCCOCCOCCOC1CCC2(O)C(Cc3ccc(O)c4OC1C2(CC=O)c34)NCC=C										"bt0023, bt0063"					
OCCOCCOC1CCC2(O)C(Cc3ccc(O)c4OC1C2(CC([O-])=O)c34)NCC=C										"bt0003, bt0023, bt0063"					
Oc1c(Cl)cc2c(NC(=O)OC2(C#CC2CC2)C(F)(F)F)c1O								bt0005							
CC1CC2C3CCC4=CC(=O)C=CC4(C)C3(Cl)C(=O)CC2(C)C1(OC(=O)c1ccc(O)o1)C(=O)CCl			"bt0002, bt0375"												
Cc1cccc(Cl)c1NC(=O)C1=CNC(=O)S1(=O)=O					"bt0350, bt0193, bt0162"										
OCC(O)CN1CCC23C(O)C(O)CCC2(O)C1Cc1ccc(O)c(O)c31															
CCOc1ccc(Cc2cc(ccc2Cl)C(OC(CO)C(O)=O)C(O)C=O)cc1							"bt0002, bt0434, bt0071"								
COCCOCCOCCOCCOCCOCCOCC([O-])=O										"bt0002, bt0003, bt0158, bt0049, bt0023, bt0001, bt0063"					
OC1C(CCC2(O)C(=O)Cc3ccc(O)c(O)c3C12CCNCC=C)OCC=O										"bt0158, bt0023, bt0063"					
COCCOCCO										"bt0002, bt0003, bt0158, bt0049, bt0023, bt0001, bt0050, bt0063"					
OC1CCC2(O)C3Cc4ccc(O)c(O)c4C2(CCN3CC=C)C(=O)O1															
Cc1cccc(Cl)c1NC(=O)c1cnc(Nc2cc(NCC=O)nc(C)n2)s1					"bt0003, bt0063"										
OCC(O)C(O)C(=O)C(O)C(=O)c1ccc(Cl)c(Cc2ccc(O)cc2)c1							"bt0002, bt0023"								
COCCOCCOCCOCCOCCOCCOCCOC1CCC2(O)C(=O)Cc3ccc(O)c4OC1C2(CCN)c34										"bt0049, bt0063"					
CC1CC2C3CC\C(=C\O)C(C)(\C=C/C([O-])=O)C3(Cl)C(O)CC2(C)C1(O)C(=O)CCl			"bt0024, bt0071"												
COCCCOc1cc(CC(CC(=O)C(=O)CC(C(=O)NCC(C)(C)C(N)=O)C(C)(C)O)C(C)C)ccc1OC				"bt0002, bt0241, bt0063"											
CCOc1ccc(Cc2cc(ccc2Cl)C(=O)C(O)C(O)C(O)C(=O)C=O)cc1							"bt0002, bt0001, bt0023"								
NCCC12C3Oc4c1c(CC(=O)C2(O)CCC3OCCOCCOCCOCCO)ccc4O										"bt0049, bt0023, bt0063"					
CC(C)(C)C(N)C(=O)NN(CC(=O)C(N)Cc1ccccc1)Cc1ccc(cc1)-c1ccccn1													"bt0002, bt0332, bt0067, bt0318"		
OC1C(O)C(OC(C1O)c1ccc(Cl)c(Cc2ccc(O)cc2)c1)C=O							"bt0001, bt0023"								
Cc1nc(NCCN(CCO)CC([O-])=O)cc(Nc2ncc(s2)C([O-])=O)n1					"bt0003, bt0067, bt0063"										
COCCCOc1cc(CC(CC(=O)C(O)CC(C(C)C)C(N)=O)C(C)C)ccc1OC				"bt0027, bt0243, bt0063"											
OC1C(CCC2(O)C3Cc4ccc(O)c(O)c4C12CCN3CC=C)OCCOCC=O										"bt0158, bt0023, bt0001"					
COc1cc(O)c(CC(CC(=O)C(O)CC(C(C)C)C(=O)NCC(C)(C)C(N)=O)C(C)C)cc1O				"bt0064, bt0023, bt0063"											
CCOc1ccc(Cc2cc(ccc2Cl)C(=O)C(O)C(O)C(O)C(O)C=O)cc1							"bt0001, bt0023"								
OCCOCCOCCOC1CCC2(O)C(=O)Cc3ccc(O)c(O)c3C2(CCNCC=C)C1O										"bt0158, bt0023, bt0063"					
COCCCOc1cc(CC(CC(N)C(=O)CC(C([O-])=O)C(C)(C)O)C(C)C)ccc1OC				"bt0002, bt0241, bt0067"											
COc1ccc(CC(CC(N)C(O)CC(C(C)C)C(=O)NCC(C)(C)C(N)=O)C(C)C)cc1OCCC([O-])=O				"bt0003, bt0023, bt0001"											
Oc1ccc2CC(=O)C3(O)CCC(OCCOCCOCCOCC([O-])=O)C4Oc1c2C34CCNCC=C										"bt0003, bt0023, bt0063"					
OCCOCCOCCOCCOCCOCCOCCOC1CCC2(O)C(=O)Cc3ccc(O)c(O)c3C2(CCNCC=C)C1O										"bt0158, bt0023, bt0063"					
[O-]C(=O)c1cc(Oc2ccc(NC(=O)Nc3ccc(Cl)c(c3)C(F)(F)F)c(F)c2)ccn1															"bt0027, bt0243"
CCC(=O)C([O-])=O														"bt0005, bt0351, bt0352"	
COCCCOc1cc(CC(CC(N)C(=O)CC(C(C)C)C(=O)NCC(C)(C)C(N)=O)C(C)(C)O)ccc1OC				"bt0002, bt0241"											
CCOc1ccc(Cc2cc(ccc2Cl)C(O)C(O)C(=O)CO)cc1							"bt0002, bt0373, bt0023"								
OCCOCCOCCOCCOCCOC1CCC2(O)C3C\C(=C\C=C(\O)C([O-])=O)C(=O)C2(CCN3CC=C)C1O										"bt0158, bt0342, bt0023"					
CC(C)(C)C(N)C(=O)NC(Cc1ccccc1)C(=O)CN(Cc1ccc(cc1)-c1ccccn1)NC(=O)C(N)C(C)(C)C													"bt0002, bt0318"		
CCOc1ccc(Cc2cc(ccc2Cl)C2OC(C(O)C(O)C2=O)C([O-])=O)cc1							"bt0002, bt0003, bt0001"								
COCCCOc1cc(CC(CC(N)C(=O)CC(C(C)C)C([O-])=O)C(C)(C)O)ccc1OC				"bt0002, bt0241, bt0067"											
O=CC1CO1										"bt0002, bt0014, bt0158, bt0049, bt0023, bt0063"					
Cc1cccc(Cl)c1N					"bt0003, bt0067, bt0001, bt0162, bt0063"										
COc1ccc(CC(CC(N)C(O)CC(C(C)C)C(=O)NCC(C)(C)C(N)=O)C(C)C)cc1OCCC=O				"bt0023, bt0001"											
CC1=C(C=C(C=C1)C(=O)NC2=CC(=CC(=C2)C(F)(F)F)N3C=C(N=C3)C)NC4=NC=CC(=N4)C5=CN=CC=C5															
OCCOCCOCCOC1CCC2(O)C3Cc4ccc(O)c5OC1C2(CCN3CC=C)c45										"bt0003, bt0023, bt0001"					
COCCCOc1cc(CC(CC(N)C(O)CC(C(C)C)C(N)=O)C(C)C)ccc1O				"bt0027, bt0023, bt0243"											
Cc1cn(cn1)-c1cc(O)c(O)c(c1)C(F)(F)F														"bt0005, bt0065, bt0351"	
CC(C)C(CC(N)C(O)CC(C(C)C)C(=O)NCC(C)(C)C([O-])=O)Cc1ccc(O)c(OCCCO)c1				"bt0027, bt0023"											
[O-]C(=O)COCC=O										"bt0003, bt0023"					
CCOc1ccc(Cc2cc(ccc2Cl)C2OC(CO)C(=O)C(=O)C2=O)cc1							bt0002								
COCCCOc1cc(CC(O)(CC(N)C(=O)CC(C(C)C)C(=O)NCC(C)(C)C(N)=O)C(C)C)ccc1OC				"bt0002, bt0241"											
Oc1ccc2CC3N(CC=C)CCC45C(Oc1c24)C(CCC35O)OCCOCC([O-])=O										"bt0003, bt0023, bt0001"					
Oc1ccc2CC(NCC=C)C3(O)CCC(=O)C4Oc1c2C34CC([O-])=O										"bt0002, bt0003, bt0023, bt0063"					
COc1ccc(CC(CC(N)C(=O)CC(C(C)C)C(N)=O)C(C)C)cc1OCCC=O				"bt0002, bt0023, bt0243"											
CC12CCC3=C(CCO)C(O)(CC([O-])=O)CCC3C1CCC2(O)CC#N						"bt0024, bt0021, bt0071"									
COCCCOc1cc(CC(CC(N)C(O)CC(C(C)C)C(=O)NCC(C)(C)C(N)=O)C(C)C)ccc1O				bt0023											
OC1CCC2(O)C(Cc3ccc(O)c4OC1C2(CC([O-])=O)c34)NCC1CO1															
OCCOCCOCCOC1CCC2(O)C3Cc4ccc(O)c(O)c4C2(CCN3CC=C)C1O										"bt0158, bt0023"					
Cc1ccc(cc1Nc1nccc(n1)-c1cccnc1)C(=O)Nc1cc(cc(c1)C(F)(F)F)-n1cnc(C=O)c1														"bt0036, bt0001"	
COc1cc(O)c(CC(CC(N)C(O)CC(C(C)C)C([O-])=O)C(C)C)cc1O				"bt0027, bt0064, bt0023, bt0067"											
OC1CCC2(O)C(=O)Cc3cc(O)c(O)c4OC1C2(CCNCC1CO1)c34															
OCCOCCOCCOCCOCCOC1CCC2(O)C3Cc4ccc(O)c(O)c4C2(CCN3CC=C)C1=O										"bt0002, bt0158, bt0023"					
OCCOCCOCCOCCOCCOC1CCC2(O)C(Cc3ccc(O)c4OC1C2(CC([O-])=O)c34)NCC=C										"bt0003, bt0023, bt0063"					
Cc1cccc(Cl)c1NC(=O)c1cnc(Nc2cc(nc(C)n2)N2CCNCC2)s1					"bt0003, bt0001, bt0063"										
COCCOCCOCCOCCOCCOCCOCCOC1CCC2(O)OC(=O)Cc3ccc(O)c(O)c3C2(CCNCC=C)C1O										"bt0158, bt0071, bt0063"					
NC(=O)CCCCCCC(=O)NO											bt0065				
OCCOCCOCCOCCOCCO										"bt0002, bt0158, bt0049, bt0023, bt0063"					
Oc1ccc2CC3N(CC=C)CCC45C(Oc1c24)C(CCC35O)OCC([O-])=O										"bt0003, bt0023, bt0001"					
COCCCOc1cc(CC(CC(N)C(=O)CC(O)(C(=O)NCC(C)(C)C(N)=O)C(C)(C)O)C(C)C)ccc1OC				"bt0002, bt0241"											
NCCC12C3Oc4c1c(CC(=O)C2(O)CCC3OCCOCCOCCOCCOCCO)ccc4O										"bt0023, bt0063"					
OC1C(CCC2(O)C3Cc4ccc(O)c(O)c4C12CCN3CC=C)OCCOCCOCCOCCOCC([O-])=O										"bt0003, bt0158, bt0023"					
Oc1ccc2CC3N(CC=C)CCC45C(Oc1c24)C(CCC35O)OCCOCCOCCOCCOCCOCC([O-])=O										"bt0003, bt0023, bt0001"					
Oc1cc2CC(NCC=C)C3(O)CCC(=O)C4Oc(c2C34CC=O)c1O										"bt0014, bt0023, bt0063"					
OCCOCCOCCOCCOCCOC1CCC2(O)C(=O)Cc3ccc(O)c(O)c3C2(CCNCC=C)C1O										"bt0158, bt0023, bt0063"					
OCC(=O)CN1CCC23C4Oc5c2c(CC1C3(O)CCC4O)ccc5O															
NC(=O)CCCCCC(O)C(=O)NO											"bt0065, bt0242"				
CCOc1ccc(Cc2cc(ccc2Cl)C(O)C(O)C(O)C(O)C(=O)CO)cc1							bt0023								
COC(=O)NC(C(=O)NC(Cc1ccccc1)C(=O)CN(Cc1ccc(cc1)-c1ccccn1)NC(=O)C(NC(=O)OC)C(C)(C)C)C(C)(C)C													bt0002		
Oc1ccc2CC3N(CC=C)CCC45C(Oc1c24)C(CCC35O)OCCOCCOCCOCC([O-])=O										"bt0003, bt0023, bt0001"					
ONC(=O)CCCCC([O-])=O											"bt0027, bt0065, bt0067, bt0337"				
COc1ccc(CC(CC(N)C(=O)CC(O)(C(C)C)C(=O)NCC(C)(C)C(N)=O)C(C)C)cc1OCCCO				"bt0002, bt0241, bt0023"											
COC(=O)NC(C(=O)NN(CC(=O)C(Cc1ccccc1)NC(=O)C(N)C(C)(C)CO)Cc1ccc(cc1)-c1ccccn1)C(C)(C)C													"bt0332, bt0002, bt0318"		
OC1C(CCC2(O)C3Cc4ccc(O)c(O)c4C12CCN3CC=C)OCCOCC([O-])=O										"bt0003, bt0158, bt0023, bt0001"					
Cc1cccc(Cl)c1NC(=O)c1cnc(Nc2cc(nc(C)n2)N2CCN(CC=O)CC2)s1=O					"bt0001, bt0162"										
CC1CC2C3CC\C(=C\O)C(C)(C(O)CC([O-])=O)C3(Cl)C(O)CC2(C)C1(OC(=O)c1ccco1)C(=O)CCl			"bt0024, bt0021, bt0071"												
OCCOCCOCCOCCOCCOCCOCCOC1CCC2(O)C(=O)Cc3ccc(O)c4OC1C2(CCNCC=C)c34										"bt0023, bt0063"					
Oc1ccc2CC(NCC=C)C3(O)CCC(OCCOCCOCCOCCOCC([O-])=O)C4Oc1c2C34CC=O										"bt0003, bt0023, bt0063"					
Cc1nc(Nc2ncc(s2)C(=O)Nc2c(C)cccc2Cl)cc(n1)N(CCNCCO)CC=O					bt0063										
OCC=O					"bt0003, bt0067, bt0051, bt0063, bt0162"					"bt0002, bt0158, bt0049, bt0023, bt0001, bt0050, bt0063"					
OCc1cn(cn1)-c1cc(NC(=O)C(\C=C\Nc2nccc(n2)-c2cccnc2)C(=O)C([O-])=O)cc(c1)C(F)(F)F														"bt0036, bt0005, bt0351"	
CC1CC2C3CCC(C=O)C(C)(\C=C/C([O-])=O)C3(Cl)C(O)CC2(C)C1(OC(=O)c1ccco1)C(=O)CCl			"bt0024, bt0044, bt0071"												
COCCOCCOCCOCCOCCOCCOCCOC1CCC2(O)C(Cc3ccc(O)c4OC1C2(CC([O-])=O)c34)NCC=C										"bt0003, bt0063"					
OCC(O)C(=O)C(O)C=O							"bt0002, bt0023, bt0237"								
OCCOC1CCC2(O)C3Cc4ccc(O)c5OC1C2(CCN3)c45										"bt0049, bt0023, bt0063"					
CC(C)(CN)C([O-])=O				"bt0002, bt0027, bt0241, bt0067, bt0023, bt0063"											
CC1CC2C3CCC4=CC(=O)C=CC4(C)C3(Cl)OC(=O)CC2(C)C1(OC(=O)c1ccco1)C(=O)CCl			"bt0002, bt0071"												
Oc1ccc2CC(=O)C3(O)CCC(OCCOCCOCCOCCOCCOCC([O-])=O)C4Oc1c2C34CCNCC=C										"bt0003, bt0023, bt0063"					
C1CC1C#CC2(C3=C(C=CC(=C3)Cl)NC(=O)O2)C(F)(F)F															
OC1(CC(=O)C(=O)c2ccccc2C([O-])=O)CCC(CC1)c1ccc(Cl)cc1	"bt0241, bt0373, bt0044"														
Cc1ccc(cc1Nc1nccc(n1)-c1cccnc1)C(=O)Nc1cc(cc(c1)C(F)(F)F)-n1cnc(CO)c1														bt0036	
CC1CC2C3CCC4=CC(=O)C=CC4(C)C3(Cl)C(=O)CC2(C)C1(O)C(=O)CCl			"bt0002, bt0024, bt0376, bt0375"												
COCCCOc1cc(CC(CC(=O)C(=O)CC(C(C)C)C(N)=O)C(C)C)ccc1OC				"bt0002, bt0243, bt0063"											
COCCCOc1cc(CC(CC(N)C(=O)CC(C(N)=O)C(C)(C)O)C(C)C)ccc1OC				"bt0002, bt0241, bt0243"											
COCC=O										"bt0002, bt0003, bt0158, bt0049, bt0023, bt0001, bt0050, bt0063"					
OCCOCCOC1CCC2(O)C3Cc4ccc(O)c5OC1C2(CCN3)c45										"bt0049, bt0023, bt0063"					
OCCOCCOCCOC1CCC2(O)C3Cc4ccc(O)c5OC1C2(CCN3)c45										"bt0049, bt0023, bt0063"					
COCCCOc1cc(CC(CC(=O)C(O)CC(C(C)C)C(=O)NCC(C)(C)C([O-])=O)C(C)C)ccc1O				"bt0027, bt0023, bt0063"											
CC(=O)OCCC1=C2CCC3(C)C(CCC3(O)CC#N)C2CCC1=O						"bt0021, bt0071, bt0427"									
Oc1ccc2CC3N(CC=C)CCC45C(Oc1c24)C(CCC35O)OCCOCC=O										"bt0003, bt0023, bt0001"					
CCOc1ccc(Cc2cc(ccc2Cl)C2OC(C=O)C(O)C(=O)C2=O)cc1							"bt0002, bt0001"								
[O-]C(=O)C1CO1										"bt0003, bt0014, bt0158, bt0049, bt0023, bt0063"					
OCCOCCOC1CCC2(O)C(Cc3ccc(O)c(O)c3C2(CC=O)C1O)NCC=C										"bt0158, bt0023, bt0063"					
OCCOCCOCCOCCOC1CCC2(O)C(=O)Cc3ccc(O)c(O)c3C2(CCNCC=C)C1O										"bt0158, bt0023, bt0063"					
OCCOCCOCCOCCOC1CCC2(O)C3Cc4ccc(O)c(O)c4C2(CCN3CC2CO2)C1O										"bt0158, bt0049, bt0023"					
NCNc1cc(Cl)c(c(O)c1O)S([O-])(=O)=O												"bt0144, bt0128"			
CC(C)C(CC(N)C(O)CC(C(C)C)C(=O)NCC(C)(C)C([O-])=O)Cc1ccc(O)c(OCCC=O)c1				"bt0027, bt0023"											
COCCOCCOCCOCCOCCOCCO										"bt0002, bt0003, bt0158, bt0049, bt0023, bt0001, bt0050, bt0063"					
OC1CCC2(O)C3Cc4ccc(O)c5OC1C2(CCN3CC=C)c45										"bt0003, bt0023, bt0001"					
OC1CCC2(O)C3Cc4ccc(O)c(O)c4C2(CCN3CC2CO2)C1=O															
COCCCOc1cc(CC(CC(N)C(O)CC(C(C)C)C([O-])=O)C(C)C)ccc1O				"bt0027, bt0023, bt0067, bt0243"											
CC(C)(C=O)C([O-])=O				"bt0002, bt0027, bt0243, bt0067, bt0023, bt0063"											
CC1CC2C3CCC4=COC(=O)CC(=O)C4(C)C3(Cl)C(O)CC2(C)C1(OC(=O)c1ccco1)C(=O)CCl			"bt0002, bt0021, bt0071"												
OC1C(O)C(=O)C(OC1c1ccc(Cl)c(Cc2ccc(O)cc2)c1)C=O							"bt0002, bt0001, bt0023"								
OCCOCCOCCOCCOCCOC1CCC2(O)C3Cc4ccc(O)c(O)c4C2(CCN3CC2CO2)C1O										"bt0158, bt0049, bt0023"					
CC1CC2C3CCC4=CC(=O)C=CC4(C)C3(Cl)C(O)CC2(C)C1(OC(=O)c1ccc(O)o1)C(=O)CO			"bt0022, bt0375"												
COCCCOc1cc(CC(CC(=O)C(=O)CC(C(C)C)C(=O)NCC(C)(C)C(N)=O)C(C)C)ccc1OC				"bt0002, bt0063"											
CCOc1ccc(Cc2cc(ccc2Cl)C(OC(CO)C(=O)CO)C([O-])=O)cc1							"bt0002, bt0373"								
[O-]C(=O)COCCOCCOCCOCC=O										"bt0003, bt0023"					
CC(C)C(N)=O				"bt0003, bt0243, bt0051"											
Oc1ccc2CC3N(CC4CO4)CCC45C(Oc1c24)C(CCC35O)OCCOCCOCCOCCOCCOCCOCC=O										"bt0049, bt0023, bt0001"					
COC(=O)NC(C(=O)NN(CC(=O)C(Cc1ccccc1)NC(=O)C(N)C(C)(C)C)Cc1ccc(cc1)-c1ccccn1)C(C)(C)CO													"bt0332, bt0002, bt0318"		
COCCOCCOCCOCCOCCOCC([O-])=O										"bt0002, bt0003, bt0158, bt0049, bt0023, bt0001, bt0063"					
Cc1nc(Nc2ncc(s2)C(=O)Nc2c(C)cccc2Cl)cc(n1)N1CCN(CC([O-])=O)CC1					"bt0003, bt0001"										
OC1CCC2(O)C(=O)C\C(=C\C=C(\O)C([O-])=O)C(=O)C2(CCNCC=C)C1O															
Cc1nc(N)cc(n1)N1CCN(CCO)CC1					"bt0350, bt0193, bt0162"										
CCOc1ccc(Cc2cc(ccc2Cl)C(=O)C(=O)C(=O)C(O)C(O)CO)cc1							"bt0002, bt0023"								
COCCCOc1cc(CC(CC(=O)C(O)CC(C(C)C)C([O-])=O)C(C)C)ccc1OC				"bt0027, bt0067, bt0243, bt0063"											
COCCOCCOCCOCCOCCOCCOCCOC1CCC2(O)C(N)Cc3ccc(O)c4OC1C2(CC=O)c34										"bt0049, bt0063"					
OCCOCCOCCOC1CCC2(O)OC(=O)Cc3ccc(O)c4OC1C2(CCNCC=C)c34										"bt0023, bt0071, bt0063"					
CC1CC2C3CCC4=COC(=O)C=CC4(C)C3(Cl)C(O)CC2(C)C1(OC(=O)C(=O)CCC([O-])=O)C(=O)CCl			"bt0376, bt0375, bt0071"												
NC1Cc2ccc(O)c3OC4C(CCC1(O)C4(CC=O)c23)OCCOCCOCCOCCO										"bt0049, bt0023, bt0063"					
OC1C(CCC2(O)C3Cc4ccc(O)c(O)c4C12CCN3CC1CO1)OCCOCC=O										"bt0158, bt0049, bt0023"					
COc1ccc(CC(CC(=O)C(O)CC(C(C)C)C(=O)NCC(C)(C)C([O-])=O)C(C)C)cc1O				"bt0027, bt0023, bt0063"											
Cc1nc(NC2=NC=C(C([O-])=O)S2(=O)=O)cc(n1)N1CCN(CCO)CC1					"bt0067, bt0193, bt0162"										
Cc1cn(cn1)-c1cc(cc(O)c1O)C(F)(F)F														"bt0005, bt0065, bt0351"	
COCCCOc1cc(CC(O)(CC(N)C(=O)CC(C(C)C)C(N)=O)C(C)C)ccc1OC				"bt0002, bt0241, bt0243"											
CCOc1ccc(Cc2cc(ccc2Cl)C(=O)C(O)C(=O)C(O)C(O)C=O)cc1							"bt0002, bt0001, bt0023"								
COc1ccc(CC(CC(N)C(=O)CC(C(=O)NCC(C)(C)C(N)=O)C(C)(C)O)C(C)C)cc1O				"bt0002, bt0241, bt0023"											
COc1ccc(CC(CC(=O)C(O)CC(C(C)C)C(N)=O)C(C)C)cc1O				"bt0027, bt0023, bt0243, bt0063"											
Oc1ccc2CC3NCCC45C(Oc1c24)C(CCC35O)OCCOCCOCCOCCOCC=O										"bt0049, bt0023, bt0001, bt0063"					
COCCOCCOCCOCCOCCOCCOCCOC1CCC2(O)C(Cc3ccc(O)c4OC1C2(CC=O)c34)NCC=C										bt0063					
Cc1cn(cn1)-c1cc(NC(=O)CC(=O)C([O-])=O)cc(c1)C(F)(F)F														"bt0005, bt0351, bt0352"	
NCNc1cc(Cl)c(cc1O)S([O-])(=O)=O												"bt0210, bt0144"			
CC(C)(C)C(N)C(=O)NN(CC(O)C(N)Cc1ccccc1)Cc1ccc(cc1)-c1ccccn1													"bt0067, bt0318"		
OC1CCC2(O)C3Cc4ccc(O)c(O)c4C2(CCN3)C1O										"bt0158, bt0049, bt0023, bt0063"					
CC(C)(C([O-])=O)C([O-])=O				"bt0003, bt0027, bt0243"											
COCCCOc1cc(CC(CC(=O)C(=O)CC(C(C)C)C([O-])=O)C(C)C)ccc1OC				"bt0002, bt0027, bt0067, bt0243, bt0063"											
CC12CCC3=C(CCO)\C(CCC3C1CCC2(O)CC#N)=C/C([O-])=O						"bt0024, bt0071"									
COCCOCCOCCOCC=O										"bt0002, bt0003, bt0158, bt0049, bt0023, bt0001, bt0050, bt0063"					
OCCOCCOC1CCC2(O)C3Cc4ccc(O)c(O)c4C2(CCN3CC=C)C1O										"bt0158, bt0023"					
OCC(O)C(=O)C(O)C(O)C(=O)c1ccc(Cl)c(Cc2ccc(O)cc2)c1							"bt0002, bt0023"								
CC1CC2C3CCC4=COC(=O)CC(O)C4(C)C3(Cl)C(O)CC2(C)C1(O)C(=O)CCl			"bt0024, bt0021, bt0071"												
Oc1ccc(o1)C([O-])=O			"bt0024, bt0002, bt0021, bt0022, bt0375, bt0071"												
NCCC12C(O)C(O)CCC1(O)C(=O)Cc1ccc(O)c(O)c21															
CCOc1ccc(Cc2cc(ccc2Cl)C(O)C(O)C(=O)C(O)C(=O)CO)cc1							"bt0002, bt0023"								
OCCOCCOC1CCC2(O)C(Cc3ccc(O)c4OC1C2(CC=O)c34)NCC=C										"bt0023, bt0063"					
COc1ccc(CC(CC(N)C(=O)CC(C(C)C)C(=O)NCC(C)(C)C([O-])=O)C(C)C)cc1OCCCO				"bt0002, bt0027, bt0023"											
COCCOCCOCCOCCO										"bt0002, bt0003, bt0158, bt0049, bt0023, bt0001, bt0050, bt0063"					
OCC(O)CNCCC12C3Oc4c1c(CC(=O)C2(O)CCC3O)ccc4O															
CCOC1=CC=C(C=C1)CC2=C(C=CC(=C2)C3C(C(C(C(O3)CO)O)O)O)Cl															
CCOc1ccc(Cc2cc(ccc2Cl)C(O)C(O)C(O)C(O)C(=O)C([O-])=O)cc1							"bt0003, bt0023, bt0001"								
COCCCOc1cc(CC(CC(N)C(=O)CC(C(C)C)C(=O)NCC(C)(C)C([O-])=O)C(C)C)ccc1OC				"bt0002, bt0027"											
COCCCOc1cc(CC(CC(=O)C(=O)CC(C(C)C)C(=O)NCC(C)(C)C(N)=O)C(C)(C)O)ccc1OC				"bt0002, bt0241, bt0063"											
OCCOCCOCCOCCOCCOCCOC1CCC2(O)C(=O)Cc3ccc(O)c(O)c3C2(CCNCC=C)C1O										"bt0158, bt0023, bt0063"					
CC12CCC3=C(CCO)\C(CCC3C1CCC2(O)CC([O-])=O)=C/C([O-])=O						"bt0024, bt0071, bt0030"									
NCNc1cc(Cl)c(O)c(O)c1S([O-])(=O)=O												"bt0144, bt0128"			
OC1CCC2(O)C3Cc4cc(O)c(O)c(O)c4C2(CCN3CC2CO2)C1O															
NCN												"bt0065, bt0144"			
CCOc1ccc(Cc2cc(ccc2Cl)C(=O)C(=O)C(O)C(O)C(O)CO)cc1							"bt0002, bt0023"								
CC12CCC3=C4CCC(=O)C=C4CCC3C1CCC(=O)O2						"bt0071, bt0030, bt0427"									
COc1ccc(CC(CC(N)C(O)CC(C(C)C)C(=O)NCC(C)(C)C([O-])=O)C(C)C)cc1OCCC=O				"bt0027, bt0023, bt0001"											
NCC=C										"bt0002, bt0014, bt0003, bt0158, bt0023, bt0063"					
OCC1OC(C(O)OC(=O)C1O)c1ccc(Cl)c(Cc2ccc(O)cc2)c1							"bt0002, bt0023, bt0071"								
CC(C)(C)C(N)C(=O)NN(CC(O)C(Cc1ccccc1)NC(=O)C(=O)C(C)(C)C)Cc1ccc(cc1)-c1ccccn1													"bt0318, bt0063"		
OC1C(CCC2(O)C3Cc4ccc(O)c(O)c4C12CCN3CC1CO1)OCCOCCOCCOCCOCCOCC=O										"bt0158, bt0049, bt0023"					
COCCOCCOCCOCCOCCOCCOCCOC1CCC2(O)C(=O)Cc3ccc(O)c4OC1C2(CC=O)c34										"bt0049, bt0063"					
OCCOCCOC1CCC2(O)C3Cc4ccc(O)c(O)c4C2(CCN3CC=C)C1=O										"bt0002, bt0158, bt0023"					
COc1ccc(CC(CC(N)C(=O)CC(C(C)C)C(N)=O)C(C)C)cc1O				"bt0002, bt0027, bt0243, bt0023"											
NC(=O)c1cc(Oc2ccc(NC(=O)Nc3ccc(Cl)c(c3)C(F)(F)F)c(F)c2)ccn1															bt0243
Cc1cn(cn1)-c1cc(NC(=O)c2ccc(C([O-])=O)c(Nc3nccc(n3)-c3cccnc3)c2)cc(c1)C(F)(F)F														"bt0003, bt0036, bt0001"	
CC(C)(C)C(=O)C(=O)NC(Cc1ccccc1)C(O)CN(N)Cc1ccc(cc1)-c1ccccn1													"bt0067, bt0318, bt0063"		
OCCOCCOCCOCCOC1CCC2(O)OC(=O)Cc3ccc(O)c4OC1C2(CCNCC=C)c34										"bt0023, bt0071, bt0063"					
CCOc1ccc(Cc2cc(ccc2Cl)C2OC(CO)C(O)C(=O)OC2=O)cc1							"bt0002, bt0071"								
Cc1nc(Nc2ncc(C([O-])=O)s2=O)cc(n1)N1CCN(CCO)CC1					"bt0067, bt0162"										
OCCOCCOCCOCCOCCOC1CCC2(O)OC(=O)Cc3ccc(O)c4OC1C2(CCNCC=C)c34										"bt0023, bt0071, bt0063"					
Nc1cc(Cl)c(c(O)c1O)S(N)(=O)=O												"bt0421, bt0144, bt0063, bt0128"			
COCCCOc1cc(CC(CC(N)C(=O)CC(O)(C(C)C)C(N)=O)C(C)C)ccc1OC				"bt0002, bt0241, bt0243"											
OC1CCC2(O)C3Cc4ccc(O)c5OC1C2(CCN3CC1CO1)c45										"bt0049, bt0023"					
OCCO										"bt0002, bt0158, bt0049, bt0023, bt0050, bt0063"					
COC(=O)NC(C(=O)NC(Cc1ccccc1)C(=O)CN(Cc1ccc(cc1)-c1ccccn1)NC(=O)C(NC(=O)OC)C(C)(C)CO)C(C)(C)C													"bt0332, bt0002"		
C\C(C([O-])=O)=C(/Nc1nccc(n1)-c1cccnc1)\C=C(/C([O-])=O)C(=O)Nc1cc(cc(c1)C(F)(F)F)-n1cnc(CO)c1														"bt0036, bt0005, bt0254"	
OCC(O)C(O)C(O)C([O-])=O							"bt0003, bt0023, bt0237"								
OCCOCCOCCOCCOCCOC1CCC2(O)C3Cc4ccc(O)c5OC1C2(CCN3)c45										"bt0049, bt0023, bt0063"					
OCC(O)CN1CCC23C4Oc5c2c(CC1C3(O)CCC4OCCOCCOCCOCCOCC=O)ccc5O										"bt0049, bt0023, bt0050"					
C=CCN1CCC23C4C(CCC2(C1CC5=C3C(=C(C=C5)O)O4)O)O															
Oc1ccc2CC(=O)C3(O)CCC(OCCOCC=O)C4Oc1c2C34CCNCC1CO1										"bt0049, bt0023, bt0063"					
OCCC=O				"bt0002, bt0027, bt0023, bt0243, bt0067, bt0063"											
NCCC12C3Oc4c1c(CC(=O)C2(O)CCC3OCC=O)ccc4O										"bt0049, bt0023, bt0063"					
COC(=O)NC(C(=O)NN(CC(=O)C(Cc1ccccc1)NC(=O)C(=O)C(C)(C)C)Cc1ccc(cc1)-c1ccccn1)C(C)(C)C													"bt0002, bt0318, bt0063"		
Oc1ccc2CC(NCC=C)C3(O)CCC(OCCOCC=O)C4Oc1c2C34CC([O-])=O										"bt0003, bt0023, bt0063"					
OCCOCCOCCOCCOCCOCCOCCOC1CCC2(O)C(=O)Cc3ccc(O)c4OC1C2(CC=O)c34										"bt0023, bt0063"					
COCCCOc1cc(CC(CC(N)C(=O)CC(O)(C(C)C)C(=O)NCC(C)(C)C(N)=O)C(C)(C)O)ccc1OC				"bt0002, bt0241"											
Oc1ccc2CC3NCCC45C(Oc1c24)C(CCC35O)OCCOCCOCC=O										"bt0049, bt0023, bt0001, bt0063"					
CC(C)(C)C(N)C(=O)NC(Cc1ccccc1)C(O)CN(Cc1ccc(cc1)-c1ccccn1)NC(=O)C(N)C(C)(C)C													bt0318		
OC1CCC2(O)C(=O)CC(CC(=O)C([O-])=O)=C(C([O-])=O)C2(CCNCC=C)C1O															
Cc1c(Nc2nccc(n2)-c2cccnc2)cc(C(=O)Nc2cc(cc(c2)C(F)(F)F)-n2cnc(C=O)c2)c(O)c1O														"bt0036, bt0005, bt0001"	
OCCOCCOCCOCCOCCOCCOCC=O										"bt0002, bt0158, bt0049, bt0023, bt0001, bt0063"					
NS(=O)(=O)c1c(Cl)cc(NC=O)c(O)c1O												"bt0144, bt0063, bt0128"			
OCC1OC(C(O)C(=O)C1O)c1ccc(Cl)c(Cc2ccc(O)cc2)c1							"bt0002, bt0023"								
OCC([O-])=O					"bt0003, bt0067, bt0063, bt0162"		"bt0002, bt0373, bt0023"			"bt0003, bt0158, bt0049, bt0023, bt0001, bt0063"				"bt0036, bt0005, bt0351"	
OCCOCCOCCOCCOCCOCCOC1CCC2(O)OC(=O)Cc3ccc(O)c4OC1C2(CCNCC=C)c34										"bt0023, bt0071, bt0063"					
CCOc1ccc(Cc2cc(ccc2Cl)C2OC(CO)C(O)C(=O)C2O)cc1							bt0002								
[O-]C(=O)C(=O)CC(c1ccccc1)(c1ccccc1Cl)n1ccnc1		"bt0351, bt0352, bt0353"													
NCCC12C3Oc4c1c(CC(=O)C2(O)CCC3O)ccc4O										"bt0023, bt0063"					
CCOc1ccc(Cc2cc(ccc2Cl)C(=O)C(O)C(O)C(O)C(=O)CO)cc1							"bt0002, bt0023"								
COc1ccc(CC(CC(N)C(O)CC(C(C)C)C(=O)NCC(C)(C)C(N)=O)C(C)C)cc1O				"bt0003, bt0023"											
OCCOCCOCCOCCOCCOCCOCCOC1CCC2(O)C3Cc4ccc(O)c(O)c4C2(CCN3CC2CO2)C1O										"bt0158, bt0049, bt0023"					
[O-]C(=O)C(=O)CC=C		"bt0351, bt0353"									"bt0351, bt0065, bt0067"				
NCNc1cc(O)c(cc1O)S(N)(=O)=O												"bt0210, bt0144, bt0359"			
CC1CC2C3CC\C(=C\O)C(C)(\C=C/C([O-])=O)C3(Cl)C(O)CC2(C)C1(OC(=O)c1ccc(O)o1)C(=O)CCl			"bt0024, bt0375, bt0071"												
Oc1ccc2CC(=O)C3(O)CCC(OCCOCCOCCOCC=O)C4Oc1c2C34CCNCC1CO1										"bt0049, bt0023, bt0063"					
CC1=C(C(=CC=C1)Cl)NC(=O)C2=CN=C(S2)NC3=CC(=NC(=N3)C)N4CCN(CC4)CCO															
OC1C(CCC2(O)C3Cc4ccc(O)c(O)c4C12CCN3)OCC=O										"bt0158, bt0049, bt0023, bt0063"					
OC1C(CCC2(O)C3Cc4ccc(O)c(O)c4C12CCN3CC=C)OCC([O-])=O										"bt0003, bt0158, bt0023"					
Oc1ccc2CC3N(CC=C)CCC4(C(=O)C(CCC34O)OCCOCCOCCOCCOCCOCCOCC=O)c2c1O										"bt0002, bt0158, bt0023"					
COCCOCCOCC([O-])=O										"bt0002, bt0003, bt0158, bt0049, bt0023, bt0001, bt0063"					
OC1CCC2(O)C(Cc3ccc(O)c(O)c3C2(CC=O)C1O)NCC=C										"bt0158, bt0023, bt0063"					
COCCOCCOCCOCCOCCOCCOCCOC1CCC2(O)C(N)Cc3ccc(O)c(O)c3C2(CC=O)C1O										"bt0158, bt0049, bt0063"					
COCCOCCOCCOCCOCCOCCOCC=O										"bt0002, bt0003, bt0158, bt0049, bt0023, bt0001, bt0050, bt0063"					
CCOc1ccc(Cc2cc(ccc2Cl)C(O)C(O)C([O-])=O)cc1							"bt0002, bt0373, bt0023"								
Nc1c(Cl)cccc1C=O					"bt0036, bt0001, bt0067"										
Cc1cccc(Cl)c1NC(=O)c1cnc(Nc2cc(NCCNCC=O)nc(C)n2)s1=O					"bt0063, bt0162"										
OCCOCCOCCOCCOCCOCCOC1CCC2(O)C(=O)Cc3ccc(O)c4OC1C2(CCNCC1CO1)c34										"bt0049, bt0023, bt0063"					
Oc1ccc2CC(=O)C3(O)CCC(OCCOCCOCCOCCOCCOCCOCC=O)C4Oc1c2C34CCNCC1CO1										"bt0049, bt0023, bt0063"					
OCCOCCOCCOCCOC1CCC2(O)C(=O)Cc3ccc(O)c4OC1C2(CCNCC=C)c34										"bt0023, bt0063"					
OCC(O)C(O)C(O)C(=O)C(=O)c1ccc(Cl)c(Cc2ccc(O)cc2)c1							"bt0002, bt0023"								
COC(=O)NC(C(=O)NN(CC(=O)C(N)Cc1ccccc1)Cc1ccc(cc1)-c1ccccn1)C(C)(C)C													"bt0002, bt0332, bt0067, bt0318"		
OC1C(CCC2(O)C3Cc4ccc(O)c(O)c4C12CCN3CC=C)OCCOCCOCCOCC([O-])=O										"bt0003, bt0158, bt0023, bt0001"					
OC1CC(CC(=O)C(=O)c2ccccc2C([O-])=O)CCC1c1ccc(Cl)cc1	"bt0373, bt0242, bt0044"														
OC1C(CCC2(O)C3Cc4ccc(O)c(O)c4C12CCN3CC1CO1)OCCOCCOCCOCC=O										"bt0158, bt0049, bt0023"					
Cc1nc(Nc2ncc(s2)C([O-])=O)cc(n1)N(CCNCCO)CC([O-])=O					"bt0003, bt0067, bt0063"										
CC(C(=C)Nc1nccc(n1)-c1cccnc1)C(=O)C([O-])=O														"bt0036, bt0005, bt0351"	
OC1C(=O)CCC2(O)C3Cc4ccc(O)c(O)c4C12CCN3CC1CO1										"bt0002, bt0158, bt0049, bt0023"					
COCCCOc1cc(CC(O)(CC(N)C(=O)CC(C(C)C)C(=O)NCC(C)(C)C(N)=O)C(C)C)ccc1O				"bt0002, bt0241, bt0023"											
CC(C)C(CC(N)C(=O)CC(C(C)C)C(=O)NCC(C)(C)C(N)=O)Cc1ccc(O)c(OCCC=O)c1				"bt0002, bt0023"											
COc1ccc(CC(CC(=O)C(O)CC(C(C)C)C(N)=O)C(C)C)cc1OCCCO				"bt0023, bt0243, bt0063"											
OC1CCC2(O)C(=O)Cc3ccc(O)c(O)c3C2(CC=O)C1O															
OCC(O)CN1CCC23C4Oc5c2c(CC1C3(O)CCC4OCCOCCOCCOCC=O)ccc5O										"bt0049, bt0023, bt0050"					
CC(C)(C)C(N)C([O-])=O													"bt0002, bt0332, bt0067, bt0318, bt0063"		
Cc1nc(NCCN(CCO)CC=O)cc(Nc2ncc(C([O-])=O)s2=O)n1					"bt0067, bt0063, bt0162"										
Clc1ccc(cc1)C1CCC(CC1)C1C(=O)OC(=O)c2ccccc2C1=O	"bt0044, bt0071"														
OCCOCCOCCOCCOCCOC1CCC2(O)C3Cc4ccc(O)c5OC1C2(CCN3CC1CO1)c45										"bt0049, bt0023"					
COc1ccc(CC(CC(N)C(=O)CC(C(C)C)C([O-])=O)C(C)C)cc1OCCCO				"bt0002, bt0023, bt0067"											
Oc1ccc2CC3NCCC45C(Oc1c24)C(CCC35O)OCCOCCOCCOCCOCCOCCOCC=O										"bt0049, bt0023, bt0001, bt0063"					
Oc1ccc2CC(=O)C3(O)CCC(OCC([O-])=O)C4Oc1c2C34CCNCC=C										"bt0003, bt0023, bt0063"					
NCC1CO1										"bt0049, bt0023, bt0063"					
COC(=O)NCC(C)(C)CO													"bt0332, bt0067, bt0051"		
OCC(=O)C(O)C(=O)C(O)C(O)c1ccc(Cl)c(Cc2ccc(O)cc2)c1							"bt0002, bt0023"								
OC1C(CCC2(O)C3Cc4ccc(O)c(O)c4C12CCN3CC1CO1)OCCOCCOCC=O										"bt0158, bt0049, bt0023"					
OCCOCCOCCOCCOCCOCCOC1CCC2(O)C3Cc4ccc(O)c(O)c4C2(CCN3CC=C)C1O										"bt0158, bt0023"					
OCCOCCOCCOCCOCCOCCOCCOC1CCC2(O)C3C\C(=C\C=C(\O)C([O-])=O)C(=O)C2(CCN3CC=C)C1O										"bt0158, bt0342, bt0023"					
OC1C(CCC2(O)C(=O)Cc3ccc(O)c(O)c3C12CCNCC=C)OCCOCCOCCOCCOCCOCCOCC=O										"bt0158, bt0023, bt0063"					
Oc1ccc2CC(NCC=C)C3(O)CCC(OCCOCCOCC([O-])=O)C4Oc1c2C34CC=O										"bt0003, bt0023, bt0063"					
COCCOCCOCCOCCOCCOCCOCCOC1CCC2(O)C(=O)Cc3ccc(O)c(O)c3C2(CCNCC2CO2)C1O										"bt0158, bt0049, bt0063"					
Oc1cc(Cl)c(cc1O)C(F)(F)F															"bt0068, bt0065, bt0318"
CCOc1ccc(Cc2cc(ccc2Cl)C(OC(CO)C([O-])=O)C(=O)CO)cc1							"bt0002, bt0373"								
COCCOCCOCCOCC([O-])=O										"bt0002, bt0003, bt0158, bt0049, bt0023, bt0001, bt0063"					
NCNc1cc(Cl)c(cc1O)S(N)(=O)=O												"bt0210, bt0144"			
OCCOCC([O-])=O										"bt0003, bt0158, bt0049, bt0023, bt0001, bt0063"					
COCCOCCOCCOCCOCCOCCOCCOC1CCC2(O)C(Cc3ccc(O)c(O)c3C2(CC=O)C1O)NCC=C										"bt0158, bt0063"					
OCCOCCOCCOCCOC1CCC2(O)C(Cc3ccc(O)c4OC1C2(CC=O)c34)NCC1CO1										"bt0049, bt0023, bt0063"					
Cc1nc(Nc2ncc(s2)C([O-])=O)cc(n1)N(CCNCCO)CC=O					"bt0067, bt0063"										
CC(C)(C)C(=O)C([O-])=O													"bt0002, bt0067, bt0318, bt0063"		
Nc1cc(Cl)c(cc1S(=O)(=O)NC=O)S(N)(=O)=O												bt0063			
CC1CC2C3CCC4=CC(=O)C=CC4(C)C3(Cl)C(=O)CC2(C)C1(OC(=O)c1ccco1)C(=O)CO			"bt0002, bt0022"												
Oc1ccc2CC(NCC=C)C3(O)CCC(=O)C4Oc1c2C34CC=O										"bt0002, bt0023, bt0063"					
Oc1ccc2CC(=O)C3(O)CCC(=O)C4Oc1c2C34CC=O										"bt0002, bt0023, bt0063"					
OCCOCCOCCOC1CCC2(O)C3Cc4ccc(O)c(O)c4C2(CCN3)C1O										"bt0158, bt0049, bt0023, bt0063"					
OCCOCCOCCOCCOCCOCCOCCOC1CCC2(O)C3Cc4ccc(O)c5OC1C2(CCN3)c45										"bt0049, bt0023, bt0063"					
NN(CC(O)C(=O)Cc1ccccc1)Cc1ccc(cc1)-c1ccccn1													"bt0243, bt0067, bt0318, bt0063"		
Oc1ccc2CC3N(CC4CO4)CCC45C(Oc1c24)OC(=O)CCC35O										"bt0002, bt0049, bt0023, bt0071"					
COC(=O)NC(C(=O)NN(CC(O)C(N)Cc1ccccc1)Cc1ccc(cc1)-c1ccccn1)C(C)(C)C													"bt0067, bt0318, bt0063"		
NC(=O)c1cc(Oc2ccc(N)c(F)c2)ccn1															"bt0068, bt0243"
Cc1nc(Nc2ncc(s2)C(=O)Nc2c(C)cccc2Cl)cc(n1)N(CCNCC([O-])=O)CC=O					"bt0003, bt0001, bt0063"										
CCOc1ccc(Cc2cc(ccc2Cl)C2OC(CO)C(=O)OC(O)C2O)cc1							"bt0002, bt0071"								
CCOc1ccc(Cc2cc(ccc2Cl)C2OC(CO)C(=O)C(O)C2=O)cc1							bt0002								
OCCOCCOCCOC1CCC2(O)C(Cc3ccc(O)c4OC1C2(CC([O-])=O)c34)NCC=C										"bt0003, bt0023, bt0063"					
CC1CC2C3CCC4=CC(=O)C=CC4(C)C3(Cl)C(O)CC2(C)C1(OC(=O)c1ccco1)C(=O)C([O-])=O			"bt0003, bt0022, bt0001"												
Oc1ccc2CC3N(CC=C)CCC4(C(=O)C(CCC34O)OCCOCCOCCOCCOCC=O)c2c1O										"bt0002, bt0158, bt0023"					
Cc1nc(NC(=O)S(=O)(=O)C(=C/N)\C(=O)Nc2c(C)cccc2Cl)cc(n1)N1CCN(CCO)CC1					"bt0350, bt0193, bt0162"										
CC(C)(CO)C(N)C([O-])=O													"bt0332, bt0067, bt0318"		
OCCOCCOCCOCCOCCOC1CCC2(O)C(Cc3ccc(O)c4OC1C2(CC=O)c34)NCC=C										"bt0023, bt0063"					
Oc1ccc2CC3N(CC=C)CCC45C(Oc1c24)C(CCC35O)OCC=O										"bt0003, bt0023, bt0001"					
OC1C(CCC2(O)C(=O)Cc3ccc(O)c(O)c3C12CCNCC=C)OCCOCCOCCOCC=O										"bt0158, bt0023, bt0063"					
Oc1ccc2CC(NCC=C)C3(O)CCC(OCC=O)C4Oc1c2C34CC([O-])=O										"bt0003, bt0023, bt0063"					
OCCOCCOC1CCC2(O)C(=O)Cc3ccc(O)c4OC1C2(CC=O)c34										"bt0023, bt0063"					
OCC(=O)C(O)C(O)C(O)C(O)c1ccc(Cl)c(Cc2ccc(O)cc2)c1							bt0023								
OC1CCC(=O)C2Cc3ccc(O)c(O)c3C(CCN2CC=C)C1=O															
COC(=O)NC(C(=O)NN(CC(=O)C(N)Cc1ccccc1)Cc1ccc(cc1)-c1ccccn1)C(C)(C)CO													"bt0332, bt0002, bt0067"		
Oc1c(Cl)cc2c(NC(=O)OC2(C#CC2CC2=O)C(F)(F)F)c1O								"bt0002, bt0005, bt0242"							
Oc1ccc2CC(=O)C3(O)CCC(OCCOCCOCC([O-])=O)C4Oc1c2C34CCNCC=C										"bt0003, bt0023, bt0001, bt0063"					
CC1CC2C3CCC4=CC(=O)CC(O)C4(C)C3(Cl)OC(=O)CC2(C)C1(OC(=O)c1ccco1)C(=O)CCl			"bt0002, bt0021, bt0071"												
COCCCOc1cc(CC(CC(=O)C(=O)CC(C(C)C)C(=O)NCC(C)(C)C(N)=O)C(C)C)ccc1O				"bt0002, bt0023, bt0063"											
Oc1ccc2CC(=O)C3(O)CCC(=O)C4Oc1c2C34CCNCC1CO1										"bt0002, bt0049, bt0023, bt0063"					
COCCOCCOCCOCCOCCOCCOCCOC1CCC2(O)C3C\C(=C\C=C(\O)C([O-])=O)C(=O)C2(CCN3CC=C)C1=O										"bt0002, bt0158, bt0342"					
COCCCOc1cc(CC(CC(=O)C(O)CC(C(C)C)C([O-])=O)C(C)C)ccc1O				"bt0027, bt0023, bt0067, bt0243, bt0063"											
COC(=O)NC(C(=O)NC(Cc1ccccc1)C(O)CN(Cc1ccc(cc1)-c1ccccn1)NC(=O)C(=O)C(C)(C)C)C(C)(C)C													"bt0318, bt0063"		
COCCCOc1cc(CC(CC(N)C(=O)CC(C(C)C)C(=O)NCC(C)(C)C(N)=O)C(C)C)ccc1O				"bt0002, bt0023"											
COCCOCCOCCOCCOCCOCCOCCOC1CCC2(O)C(=O)Cc3ccc(O)c4OC1C2(CCNCC(O)CO)c34										"bt0049, bt0050, bt0063"					
CCOc1ccc(Cc2cc(ccc2Cl)C2OC(CO)C(O)C(O)C2=O)cc1							bt0002								
Oc1ccc2CC(NCC=C)C3(O)CCC(OCCOCCOCCOCCOCCOCC=O)C4Oc1c2C34CC([O-])=O										"bt0003, bt0023, bt0063"					
OCC1OC(C(O)C(O)C1O)c1ccc(Cl)c(Cc2ccc(O)cc2)c1							bt0023								
Oc1ccc2CC3N(CC=C)CCC45C(Oc1c24)OC(=O)CCC35O										"bt0002, bt0023, bt0071"					
OCC(=O)C(O)C(O)C(O)C(=O)c1ccc(Cl)c(Cc2ccc(O)cc2)c1							"bt0002, bt0023"								
Cc1cccc(Cl)c1NC(=O)c1cnc(Nc2cc(NCC([O-])=O)nc(C)n2)s1					"bt0003, bt0063"										
CCOc1ccc(Cc2cc(ccc2Cl)C(O)C(O)C(=O)C(=O)C(=O)CO)cc1							"bt0002, bt0023"								
COCCOCCOCCOCCOCCOCC=O										"bt0002, bt0003, bt0158, bt0049, bt0023, bt0001, bt0050, bt0063"					
Oc1ccc2CC3NCCC45C(Oc1c24)C(CCC35O)OCCOCCOCCOCCOCCOCC=O										"bt0049, bt0023, bt0001, bt0063"					
OC1CC(CCC1CC(=O)C(=O)c1ccccc1C([O-])=O)c1ccc(Cl)cc1	"bt0373, bt0242, bt0044"														
CCOc1ccc(Cc2cc(ccc2Cl)C2OC(C=O)C(=O)C(O)C2=O)cc1							"bt0002, bt0001"								
COc1cc(O)c(CC(CC(N)C(=O)CC(C(C)C)C(=O)NCC(C)(C)C(N)=O)C(C)C)cc1O				"bt0002, bt0064, bt0023"											
OCC(O)CN1CCC23C4Oc5c2c(CC1C3(O)CCC4OCCOCC=O)ccc5O										"bt0049, bt0023, bt0050"					
OCCOCCOCCOC1CCC2(O)C(=O)Cc3ccc(O)c4OC1C2(CC=O)c34										"bt0023, bt0063"					
OC1C(CCC2(O)C3Cc4ccc(O)c(O)c4C12CCN3)OCCOCC=O										"bt0158, bt0049, bt0023, bt0063"					
Cc1nc(Nc2ncc(s2)C(=O)Nc2c(C)cccc2Cl)cc(n1)N(CC=O)CC([O-])=O					"bt0003, bt0063"										
COc1ccc(CC(CC(N)C(O)CC(C(C)C)C(=O)NCC(C)(C)C([O-])=O)C(C)C)cc1OCCCO				"bt0027, bt0023"											
Cc1cn(cn1)-c1cc(NC(=O)c2ccc(C=O)c(Nc3nccc(n3)-c3cnc(O)c(O)c3)c2)cc(c1)C(F)(F)F														"bt0036, bt0005, bt0001"	
OC1C(CCC2(O)C3Cc4ccc(O)c(O)c4C12CCN3)OCCOCCOCCOCCOCCOCCOCC=O										"bt0158, bt0049, bt0023, bt0063"					
COCCCOc1cc(CC(CC(=O)C(=O)CC(O)(C(C)C)C(=O)NCC(C)(C)C(N)=O)C(C)C)ccc1OC				"bt0002, bt0241, bt0063"											
COCC(O)C([O-])=O				"bt0003, bt0242, bt0023"											
OCCOCCOCCOCCOCCOC1CCC2(O)C3Cc4ccc(O)c(O)c4C2(CCN3CC=C)C1O										"bt0158, bt0023"					
Oc1ccco1			"bt0024, bt0002, bt0022, bt0375, bt0051"												
Oc1ccc2CC(NCC=C)C3(O)CCC(OCCOCCOCCOCC([O-])=O)C4Oc1c2C34CC=O										"bt0003, bt0023, bt0063"					
CCOc1ccc(Cc2cc(ccc2Cl)C(O)C(=O)C(O)C(O)C(=O)C=O)cc1							"bt0002, bt0001, bt0023"								
Cc1cn(cn1)-c1cc(NC(=O)c2ccc(CO)c(Nc3nccc(n3)-c3cnc(O)c(O)c3)c2)cc(c1)C(F)(F)F														"bt0036, bt0005"	
OCCOCCOCCOCCOCCOC1CCC2(O)C(=O)Cc3ccc(O)c4OC1C2(CC=O)c34										"bt0023, bt0063"					
Oc1ccc2CC(=O)C3(O)CCC(OCCOCCOCCOCCOCC=O)C4Oc1c2C34CCNCC=C										"bt0023, bt0001, bt0063"					
Nc1cc(Cl)c(cc1S([O-])(=O)=O)S([O-])(=O)=O												"bt0421, bt0144, bt0063"			
OCCOCCOCCOCCOC1CCC2(O)C3Cc4ccc(O)c(O)c4C2(CCN3CC=C)C1=O										"bt0002, bt0158, bt0023"					
C=CC=O										"bt0002, bt0014, bt0003, bt0158, bt0351, bt0023, bt0001, bt0063"					
OC1CCC2(O)C3Cc4cc(O)c(O)c5OC1C2(CCN3)c45										"bt0014, bt0023, bt0063"					
C\C(C([O-])=O)=C(/Nc1nccc(n1)-c1cccnc1)\C=C(/C([O-])=O)C(=O)Nc1cc(cc(c1)C(F)(F)F)-n1cnc(C)c1														"bt0005, bt0254"	
OCCOCCOCCOCCOCCOCCOCCOC1CCC2(O)C3Cc4ccc(O)c(O)c4C2(CCN3CC=C)C1=O										"bt0002, bt0158, bt0023"					
OCCOCCOC1CCC2(O)C3Cc4ccc(O)c5OC1C2(CCN3CC(O)CO)c45										"bt0049, bt0023, bt0050"					
CCOc1ccc(Cc2cc(ccc2Cl)C(O)C(=O)C(=O)C(O)C(=O)CO)cc1							"bt0002, bt0023"								
OCCOC1CCC2(O)C(=O)Cc3ccc(O)c4OC1C2(CC=O)c34										"bt0023, bt0063"					
COC(=O)NC(C([O-])=O)C(C)(C)CO													"bt0332, bt0002, bt0067, bt0318, bt0063"		
Oc1ccc2CC3N(CC4CO4)CCC45C(Oc1c24)C(CCC35O)OCC=O										"bt0049, bt0023, bt0001"					
CC1CC2C3CCC4=COC(=O)C=CC4(C)C3(Cl)C(=O)CC2(C)C1(OC(=O)c1ccc(O)o1)C(=O)CCl			"bt0002, bt0375, bt0071"												
CCOc1ccc(Cc2cc(ccc2Cl)C(=O)C(O)C(=O)C(=O)C(O)CO)cc1							"bt0002, bt0023"								
Nc1cc(Cl)c(O)cc1S(=O)(=O)NC=O												"bt0210, bt0144, bt0063"			
CC12CCC3=C(CC=O)\C(CCC3C1CCC2(O)CC#N)=C/C([O-])=O						"bt0024, bt0001, bt0071"									
OC1Oc2c3c(CC4N(CC=C)CCC13C4(O)CCC([O-])=O)ccc2O										"bt0024, bt0023, bt0071"					
OC1CCC2(O)C3C\C(=C\C=C(\O)C([O-])=O)C(=O)C2(CCN3CC2CO2)C1O															
Cc1nc(Nc2ncc(s2)C(=O)Nc2c(C)cccc2Cl)cc(n1)N(CCN)CC=O					bt0063										
COCCCOc1cc(CC(O)(CC(N)C(=O)CC(C(C)C)C(=O)NCC(C)(C)C([O-])=O)C(C)C)ccc1OC				"bt0002, bt0027, bt0241"											
COC([O-])=O													"bt0332, bt0002, bt0067, bt0318, bt0051, bt0063"		
NCNc1cc(Cl)c(cc1S([O-])(=O)=O)S(N)(=O)=O												bt0144			
Oc1ccc2CC(NCC=C)C3(O)CCC(OCCOCC([O-])=O)C4Oc1c2C34CC=O										"bt0003, bt0023, bt0063"					
CC1CC2C3CCC4=COC(=O)C=CC4(C)C3(Cl)C(O)CC2(C)C1(O)C(=O)CO			"bt0024, bt0022, bt0375, bt0071"												
Nc1cc(Cl)c(cc1S([O-])(=O)=O)S(N)(=O)=O												"bt0421, bt0144, bt0063"			
[O-]S(=O)(=O)c1cc(c(NC=O)cc1Cl)S([O-])(=O)=O												"bt0144, bt0063"			
OCCOC1CCC2(O)C(Cc3ccc(O)c4OC1C2(CC([O-])=O)c34)NCC=C										"bt0003, bt0023, bt0063"					
OCCOC1CCC2(O)C3Cc4ccc(O)c(O)c4C2(CCN3)C1O										"bt0158, bt0049, bt0023, bt0063"					
CC12CCC3=C4CCC(=O)C=C4CCC3C1CCC2=O						"bt0030, bt0427"									
Cc1c(O)c(O)cc(Cl)c1O					"bt0388, bt0005, bt0067"										
Cc1cn(cn1)-c1cc(NC(=O)c2ccc(C)c(Nc3nccc(n3)C(\CC([O-])=O)=C/NC(O)=O)c2)cc(c1)C(F)(F)F														"bt0377, bt0005"	
Oc1ccc2CC(=O)C3(O)CCC(OCCOCCOCC=O)C4Oc1c2C34CCNCC=C										"bt0023, bt0001, bt0063"					
OC1C(CCC2(O)C(=O)Cc3ccc(O)c(O)c3C12CCNCC=C)OCCOCCOCCOCCOCCOCC=O										"bt0158, bt0023, bt0063"					
NCCC12C3Oc4c1c(CC(=O)C2(O)CCC3O)cc(O)c4O															
OC1(CC1)C#CC1(OC(=O)Nc2ccc(Cl)cc12)C(F)(F)F								bt0241							
Oc1c(O)c2c(NCNS2(=O)=O)cc1Cl												"bt0014, bt0144, bt0210, bt0128"			
OCC1OC(C(O)C(O)OC1=O)c1ccc(Cl)c(Cc2ccc(O)cc2)c1							"bt0002, bt0023, bt0071"								
OC1CCC2(O)C(=O)Cc3cc(O)c(O)c4OC1C2(CCNCC=C)c34										"bt0014, bt0023, bt0063"					
CC(C)C(C\C=C\CC(=O)C([O-])=O)CC(N)C(O)CC(C(C)C)C(=O)NCC(C)(C)C(N)=O				"bt0351, bt0023"											
OCCOCCOCCOCCOCCOC1CCC2(O)C(=O)Cc3ccc(O)c4OC1C2(CCNCC1CO1)c34										"bt0049, bt0023, bt0063"					
COc1ccc(CC(CC(N)C(=O)CC(O)(C(C)C)C(=O)NCC(C)(C)C(N)=O)C(C)C)cc1OCCC=O				"bt0002, bt0241, bt0023"											
OC(=O)c1ccccc1C(=O)C(C1CCC(CC1)c1ccc(Cl)cc1)C([O-])=O	"bt0024, bt0044, bt0071"														
OCCOCCOCCOCCOCCOCCOCC([O-])=O										"bt0003, bt0023, bt0001"					
COCCOCCOCCOCCOCCOCCOCCO										"bt0002, bt0003, bt0158, bt0049, bt0023, bt0050, bt0063"					
CCOc1ccc(Cc2cc(ccc2Cl)C(=O)C(O)C(O)C(=O)C(O)CO)cc1							"bt0002, bt0023"								
CC12CCC3=C4CCC(=O)C=C4CCC3C1CCC2(O)CC([O-])=O						bt0030									
COCCOCCOCCOCCOCCOCCOCCOC1CCC2(O)C3Cc4ccc(O)c(O)c4C2(CCN3)C1=O										"bt0002, bt0158, bt0049, bt0063"					
OCC(=O)CO							"bt0002, bt0373, bt0023"								
COCCOCCOCCOCCOCCOCCOCCOC1CCC(=O)C2Cc3ccc(O)c(O)c3C(CCN2CC=C)C1=O										"bt0002, bt0158, bt0427"					
Oc1ccc2CC3N(CC=C)CCC4(C(=O)C(CCC34O)OCC=O)c2c1O										"bt0002, bt0158, bt0023"					
Cc1nc(Nc2ncc(s2)C(=O)Nc2c(C)cccc2Cl)cc(n1)N(CCNCCO)CC([O-])=O					"bt0003, bt0063"										
Cc1cccc(Cl)c1NC(=O)c1cnc(Nc2cc(nc(C)n2)N2CCN(CC([O-])=O)CC2)s1=O					"bt0003, bt0001, bt0162"										
OC1C(=O)CCC2(O)C3Cc4ccc(O)c(O)c4C12CCN3										"bt0002, bt0158, bt0049, bt0023, bt0063"					
COc1ccc(CC(CC(N)C(=O)CC(C(C)C)C(N)=O)C(C)C)cc1OCCCO				"bt0002, bt0243, bt0023"											
Oc1ccc2CC(=O)C3(O)CCC(OCCOCCOCCOCCOCCOCC=O)C4Oc1c2C34CCNCC=C										"bt0023, bt0001, bt0063"					
Oc1ccc2CC3N(CC=C)CCC45C(Oc1c24)C(CCC35O)OCCOCCOCCOCCOCC([O-])=O										"bt0003, bt0023, bt0001"					
OCCOCCOCCOCCOCCOC1CCC2(O)C(Cc3ccc(O)c(O)c3C2(CC=O)C1O)NCC=C										"bt0158, bt0023, bt0063"					
COCCOCCOCCOCCOCC=O										"bt0002, bt0003, bt0158, bt0049, bt0023, bt0001, bt0050, bt0063"					
OCCOCCOC1CCC2(O)C(=O)Cc3ccc(O)c(O)c3C2(CCNCC=C)C1O										"bt0158, bt0023, bt0063"					
Nc1cc(Cl)c(cc1S(=O)(=O)NC=O)S([O-])(=O)=O												"bt0144, bt0063"			
CCOc1ccc(Cc2cc(ccc2Cl)C2OC(C([O-])=O)C(=O)C(O)C2O)cc1							"bt0002, bt0003, bt0001"								
Oc1ccc2CC3N(CC=C)CCC45C(Oc1c24)C(=O)CCC35O										"bt0002, bt0003, bt0023, bt0001"					
OCCOC1CCC2(O)C3Cc4ccc(O)c(O)c4C2(CCN3CC2CO2)C1O										"bt0158, bt0049, bt0023"					
CC(C)C(CC(=O)C(O)CC(C(C)C)C(=O)NCC(C)(C)C(N)=O)Cc1ccc(O)c(OCCC=O)c1				"bt0023, bt0063"											
OCCOCCOCCOCCOC1CCC2(O)C(Cc3ccc(O)c(O)c3C2(CC=O)C1O)NCC=C										"bt0158, bt0023, bt0063"					
OCCOC1CCC2(O)C3Cc4ccc(O)c(O)c4C2(CCN3CC=C)C1=O										"bt0002, bt0158, bt0023"					
OCCOCCOCCOCCOCC=O										"bt0002, bt0158, bt0049, bt0023, bt0001, bt0063"					
OCCOCCOC1CCC2(O)C(Cc3ccc(O)c4OC1C2(CC=O)c34)NCC1CO1										"bt0049, bt0023, bt0063"					
OC1CCC2(O)C(=O)Cc3ccc(O)c4OC1C2(CCNCC1CO1)c34										"bt0049, bt0023, bt0063"					
COc1ccc(CC(CC(=O)C(=O)CC(C(C)C)C(=O)NCC(C)(C)C(N)=O)C(C)C)cc1OCCCO				"bt0002, bt0023, bt0063"											
Oc1ccc2CC3N(CC=C)CCC4(C(=O)C(CCC34O)OCCOCCOCCOCCOCCOCC=O)c2c1O										"bt0002, bt0158, bt0023"					
OC1CCC2(O)C3Cc4cc(O)c(O)c(O)c4C2(CCN3CC=C)C1O										"bt0014, bt0158, bt0023"					
NCCC12C3Oc4c1c(CC(=O)C2(O)CCC3OCCOCCO)ccc4O										"bt0023, bt0063"					
COc1ccc(CC(CC(N)C(=O)CC(C(C)C)C(=O)NCC(C)(C)C(N)=O)C(C)(C)O)cc1OCCC=O				"bt0002, bt0241, bt0023"											
OC1CCC2(O)C(Cc3ccc(O)c4OC1C2(CC([O-])=O)c34)NCC=C										"bt0003, bt0023, bt0063"					
CC1CC2C3CCC4=CC(=O)C=CC4(C)C3(Cl)C(O)CC2(C)C1(OC(=O)c1ccc(O)o1)C(=O)CCl			bt0375												
Oc1ccc2CC3NCCC45C(Oc1c24)C(CCC35O)OCC([O-])=O										"bt0003, bt0023, bt0001, bt0063"					
COCCOCCOCCOCCOCCOCCOCCOC1CCC2(O)C3Cc4ccc(O)c(O)c4C2(CCN3)C1O										"bt0158, bt0049, bt0063"					
CCOc1ccc(Cc2cc(ccc2Cl)C(=O)C(O)C(O)C(=O)C(O)C=O)cc1							"bt0002, bt0001, bt0023"								
CC12CCC3=C4CCOC(=O)C=C4CCC3C1CCC2=O						"bt0071, bt0030, bt0427"									
COCCCOc1cc(CC(CC(=O)C(O)CC(C(C)C)C(=O)NCC(C)(C)C(N)=O)C(C)C)ccc1O				"bt0023, bt0063"											
Cc1nc(Nc2ncc(s2)C(=O)Nc2c(C)cccc2Cl)cc(n1)N(CCN)CC([O-])=O					"bt0003, bt0063"										
OC1CCC2(O)C(=O)Cc3cc(O)c(O)c(O)c3C2(CCNCC=C)C1O															
OCC(O)CN1CCC23C4Oc5c2c(CC1C3(O)CCC4O)ccc5O										"bt0049, bt0023, bt0050"					
CC(C)(C)C(N)C(=O)NC(Cc1ccccc1)C(=O)CN(N)Cc1ccc(cc1)-c1ccccn1													"bt0002, bt0332, bt0067, bt0318"		
OC1C(CCC2(O)C3Cc4ccc(O)c(O)c4C12CCN3CC=C)OCCOCCOCC([O-])=O										"bt0003, bt0158, bt0023"					
COc1ccc(CC(CC(=O)C(=O)CC(C(C)C)C(=O)NCC(C)(C)C(N)=O)C(C)C)cc1OCCC=O				"bt0002, bt0023, bt0063"											
Oc1ccc2CC3N(CC4CO4)CCC45C(Oc1c24)C(CCC35O)OCCOCCOCC([O-])=O										"bt0003, bt0049, bt0023, bt0001"					
Oc1ccc2CC3N(CC4CO4)CCC45C(Oc1c24)C(CCC35O)OCCOCCOCC=O										"bt0049, bt0023, bt0001"					
COCCOCCOCCOCCOCCOCCOCCOC1CCC2(O)C3Cc4ccc(O)c5OC1C2(CCN3CC(O)C=O)c45										"bt0049, bt0001, bt0050"					
Oc1ccc2CC(=O)C3(O)CCC(OCC=O)C4Oc1c2C34CCNCC=C										"bt0023, bt0001, bt0063"					
Nc1c(Cl)cccc1CO					"bt0036, bt0067, bt0162, bt0063"										
CC1CC2C3CCC4=CC(=O)C=CC4(C)C3(Cl)C(=O)CC2(C)C1(OC(=O)C(=O)CCC([O-])=O)C(=O)CCl			"bt0376, bt0002, bt0375"												
Oc1cc2CC3N(CC4CO4)CCC45C(Oc(c24)c1O)C(=O)CCC35O										"bt0002, bt0014, bt0049, bt0023"					
COCCCOc1cc(CC(CC(N)C(=O)CC(C(C)C)C(=O)NCC(C)(C)C([O-])=O)C(C)C)ccc1O				"bt0002, bt0027, bt0023"											
CC12CCC3=C4CCC(=O)C=C4CCC3C1CCC2(CC#N)O															
COc1ccc(CC(CC(N)C(=O)CC(C(=O)NCC(C)(C)C(N)=O)C(C)(C)O)C(C)C)cc1OCCC=O				"bt0002, bt0241, bt0023"											
Cc1cccc(Cl)c1NC(=O)c1cnc(Nc2cc(NCCNCCO)nc(C)n2)s1					"bt0003, bt0063"										
OC1CCC2(O)C3Cc4cc(O)c(O)c(O)c4C2(CCN3CC=C)C1=O															
CC1CC2C3CCC4=COC(=O)C=CC4(C)C3(Cl)C(=O)CC2(C)C1(OC(=O)c1ccco1)C(=O)CCl			"bt0002, bt0071"												
OC1C(CCC2(O)C3Cc4ccc(O)c(O)c4C12CCN3)OCCOCCOCCOCC=O										"bt0158, bt0049, bt0023, bt0063"					
Cc1cn(cn1)-c1cc(NC(=O)c2cc(Nc3nccc(n3)-c3cccnc3)c(C=O)c(O)c2O)cc(c1)C(F)(F)F														"bt0036, bt0005, bt0001"	
COC(=O)NC(C(=O)NC(Cc1ccccc1)C(O)CN(Cc1ccc(cc1)-c1ccccn1)NC(=O)C(N)C(C)(C)C)C(C)(C)C													bt0318		
Cc1cn(cn1)-c1cc(NC(=O)C(\C=C\Nc2nccc(n2)-c2cccnc2)C(=O)C([O-])=O)cc(c1)C(F)(F)F														"bt0036, bt0005, bt0351"	
Oc1ccc2CC(=O)C3(O)CCC(=O)C4Oc1c2C34CCNCC=C										"bt0002, bt0023, bt0063"					
OC1(CCC(CC(=O)C(=O)c2ccccc2C([O-])=O)CC1)c1ccc(Cl)cc1	"bt0241, bt0373, bt0044"														
[O-]C(=O)C(\Cl)=C/C1=C(C([O-])=O)S(=O)(=O)NCN1												"bt0254, bt0144, bt0128"			
CC1CC2C3CCC4=CC(=O)C=CC4(C)C3(Cl)OC(=O)CC2(C)C1(O)C(=O)CCl			"bt0002, bt0024, bt0375, bt0071"												
Cc1nc(Nc2nccs2)cc(n1)N1CCN(CCO)CC1					"bt0067, bt0051"										
Nc1ccccc1											bt0067				
Oc1ccc2CC(=O)C3(O)CCC(OCCOCCOCCOCCOCC=O)C4Oc1c2C34CCNCC1CO1										"bt0049, bt0023, bt0063"					
COCCCOc1cc(CC(CC(N)C(O)CC(C(C)C)C(N)=O)C(C)C)ccc1OC				"bt0027, bt0243"											
COCCOCCOCCOCCOCCOCCOCCOC1CCC2(O)C3Cc4ccc(O)c(O)c4C2(CCN3CC=C)C1=O										"bt0002, bt0158"					
CC(C)C(CC(N)C(O)CC(C(C)C)C(=O)NCC(C)(C)C(N)=O)CC(=C)CC(=O)C([O-])=O				"bt0351, bt0023"											
OC1C(CCC2(O)C3Cc4ccc(O)c(O)c4C12CCN3CC=C)OCC=O										"bt0158, bt0023, bt0001"					
OC(=O)C(C1CCC(CC1)c1ccc(Cl)cc1)C(=O)c1ccccc1C([O-])=O	"bt0024, bt0044, bt0071"														
COCCOCCOCCOCCOCCOCCOCCOC1CCC2(O)C(Cc3ccc(O)c4OC1C2(CC=O)c34)NCC(O)CO										"bt0049, bt0050, bt0063"					
OC1C(CCC2(O)C3Cc4ccc(O)c(O)c4C12CCN3CC=C)OCCOCCOCCOCCOCCOCC([O-])=O										"bt0003, bt0158, bt0023"					
CC(C)C(CC(=O)C(O)CC(C(C)C)C(=O)NCC(C)(C)C(N)=O)Cc1ccc(O)c(OCCCO)c1				"bt0023, bt0063"											
OCCOCCOCCOCCOCCOCCOCCOC1CCC2(O)C(=O)Cc3ccc(O)c4OC1C2(CCNCC1CO1)c34										"bt0049, bt0023, bt0063"					
Oc1cccc(c1O)C(c1ccccc1)(c1ccccc1Cl)n1ccnc1		bt0353													
OCCOCCO										"bt0002, bt0158, bt0049, bt0023, bt0050, bt0063"					
CCOc1ccc(Cc2cc(ccc2Cl)C([O-])=O)cc1							"bt0002, bt0003, bt0373, bt0023, bt0237"								
CC(C)(C)C(N)C(N)=O													"bt0243, bt0067, bt0318"		
OCCOCCOC1CCC2(O)C3Cc4ccc(O)c(O)c4C2(CCN3)C1O										"bt0158, bt0049, bt0023, bt0063"					
Cc1nc(Nc2ncc(C([O-])=O)s2=O)cc(n1)N1CCNCC1					"bt0067, bt0063, bt0162"										
COCCOCCOCC=O										"bt0002, bt0003, bt0158, bt0049, bt0023, bt0001, bt0050, bt0063"					
COCCCOc1cc(CC(CC(N)C(=O)CC(O)(C(C)C)C(=O)NCC(C)(C)C([O-])=O)C(C)C)ccc1OC				"bt0002, bt0027, bt0241"											
OCCOCCOC1CCC2(O)OC(=O)Cc3ccc(O)c4OC1C2(CCNCC=C)c34										"bt0023, bt0071, bt0063"					
ONC(=O)CCCCCCC([O-])=O											"bt0027, bt0065, bt0067"				
Cc1ccc(cc1Nc1nccc(n1)-c1cccnc1)C(=O)Nc1cc(cc(c1)C(F)(F)F)-n1cnc(c1)C([O-])=O														"bt0003, bt0036, bt0001"	
OCC(=O)C(O)C(O)C=O							"bt0002, bt0023, bt0237"								
CCOc1ccc(Cc2cc(ccc2Cl)C2OC(CO)C(O)C(O)C(=O)O2)cc1							"bt0002, bt0071"								
COC(=O)NC(C(=O)NN(CC(O)C(Cc1ccccc1)NC(=O)C(=O)C(C)(C)C)Cc1ccc(cc1)-c1ccccn1)C(C)(C)C													"bt0318, bt0063"		
NC1Cc2ccc(O)c3OC4C(=O)CCC1(O)C4(CC=O)c23										"bt0049, bt0023, bt0063"					
OCCOCCOCCOCCOC1CCC2(O)C3C\C(=C\C=C(\O)C([O-])=O)C(=O)C2(CCN3CC=C)C1O										"bt0158, bt0342, bt0023"					
[O-]C(=O)CC=O				"bt0003, bt0023"											
CC(C)C(=O)C(=O)NCC(C)(C)C(N)=O				"bt0002, bt0241, bt0427"											
COC(=O)NC(C([O-])=O)C(C)(C)C													"bt0332, bt0002, bt0067, bt0318, bt0063"		
NC1Cc2ccc(O)c3OC4C(O)CCC1(O)C4(CC([O-])=O)c23															
CC1CC2C3CCC4=CC(=O)C=CC4(C)C3(Cl)C(=O)CC2(C)C1(OC(=O)c1ccc(O)o1)C(=O)CO			"bt0002, bt0022, bt0375"												
CC(C)(C)C(N)C(=O)NC(Cc1ccccc1)C(O)CN(Cc1ccc(cc1)-c1ccccn1)NC(=O)C(=O)C(C)(C)C													"bt0318, bt0063"		
OC1C(CCC2(O)C(=O)Cc3ccc(O)c(O)c3C12CCNCC=C)OCCOCCOCC=O										"bt0158, bt0023, bt0063"					
OCCOCCOCCOC1CCC2(O)C3Cc4ccc(O)c5OC1C2(CCN3CC1CO1)c45										"bt0049, bt0023"					
CC1CC2C3CCC4=COC(=O)C=CC4(C)C3(Cl)C(O)CC2(C)C1(OC(=O)c1ccco1)C(=O)CO			"bt0022, bt0071"												
Oc1ccc(Cc2cc(C=O)ccc2Cl)cc1							"bt0023, bt0237"								
OC1C(CCC2(O)C3Cc4ccc(O)c(O)c4C12CCN3)OCCOCCOCCOCCOCC=O										"bt0158, bt0049, bt0023, bt0063"					
COc1ccc(CC(CC(N)C(=O)CC(C(C)C)C(=O)NCC(C)(C)C([O-])=O)C(C)C)cc1O				"bt0002, bt0027, bt0023"											
Nc1ccc(Oc2ccnc(c2)C([O-])=O)cc1F															"bt0068, bt0027, bt0067, bt0243"
COC(=O)NC(C(=O)NN(CC(O)C(=O)Cc1ccccc1)Cc1ccc(cc1)-c1ccccn1)C(C)(C)C													"bt0067, bt0318, bt0063"		
Oc1cc2CC3N(CC=C)CCC45C(Oc(c24)c1O)OC(=O)CCC35O										"bt0014, bt0023, bt0071"					
CC(C)(CN)C(N)=O				"bt0002, bt0003, bt0064, bt0241, bt0067, bt0023, bt0063"											
CC(C)C(CC(N)C(O)CC(C(C)C)C(=O)NCC(C)(C)C(N)=O)Cc1ccc(O)c(OCCC=O)c1				"bt0023, bt0001"											
OCCOCCOCCOCCOC1CCC2(O)C3Cc4ccc(O)c5OC1C2(CCN3)c45										"bt0049, bt0023, bt0063"					
COCCCOc1cc(CC(CC(N)C(=O)CC(O)(C(C)C)C(=O)NCC(C)(C)C(N)=O)C(C)C)ccc1OC				"bt0002, bt0241"											
CCOc1ccc(Cc2cc(ccc2Cl)C2OC(CO)C(=O)C(=O)C2O)cc1							bt0002								
COCCO										"bt0002, bt0003, bt0158, bt0049, bt0023, bt0001, bt0050, bt0063"					
Oc1ccc2CC3NCCC45C(Oc1c24)C(CCC35O)OCCOCC([O-])=O										"bt0003, bt0023, bt0001, bt0063"					
Cc1cccc(Cl)c1NC(=O)c1cnc(Nc2cc(NCCN(CCO)CC([O-])=O)nc(C)n2)s1=O					"bt0003, bt0063, bt0162"										
Oc1ccc2CC3N(CC=C)CCC45C(Oc1c24)C(CCC35O)OCCOCCOCCOCCOCC=O										"bt0003, bt0023, bt0001"					
NCNc1cc(Cl)c(cc1S([O-])(=O)=O)S([O-])(=O)=O												bt0144			
CC12CCC3=C4CCOC(=O)CC4(O)CCC3C1CCC2(O)CC([O-])=O						"bt0021, bt0071, bt0030"									
COc1ccc(CC(CC(N)C(=O)CC(C(C)C)C(=O)NCC(C)(C)C(N)=O)C(C)(C)O)cc1O				"bt0002, bt0241, bt0023"											
CC(CO)(C(N)=O)C([O-])=O				"bt0332, bt0003, bt0243"											
NCCC12C3Oc4c1c(CC(=O)C2(O)CCC3OCCOCCOCCOCCOCCOCC=O)ccc4O										"bt0049, bt0023, bt0063"					
Cc1nc(Nc2nccs2)cc(n1)N(CCNCCO)CC=O					"bt0067, bt0051, bt0063"										
OCCOCCOCCOC1CCC2(O)C(Cc3ccc(O)c4OC1C2(CC=O)c34)NCC=C										"bt0023, bt0063"					
COCCCOc1cc(CC(CC(N)C(=O)CC(C(C)C)C([O-])=O)C(C)C)ccc1OC				"bt0002, bt0027, bt0067, bt0243"											
Cc1nc(Nc2ncc(s2)C([O-])=O)cc(n1)N1CCNCC1					"bt0067, bt0063"										
FC(F)(F)C1(OC(=O)Nc2ccc(Cl)cc12)C#CC1CC(=O)O1								"bt0002, bt0242, bt0071"							
CCOc1ccc(Cc2cc(ccc2Cl)C2OC(C=O)C(O)C(O)C(=O)O2)cc1							"bt0002, bt0001, bt0071"								
[O-]C(=O)C(c1ccccc1)(c1ccccc1Cl)n1ccnc1		"bt0351, bt0353"													
COCCOCCOCCOCCOCCOCCOCCOC1CCC2(O)C3C\C(=C\C=C(\O)C([O-])=O)C(=O)C2(CCN3CC2CO2)C1O										"bt0158, bt0049, bt0342"					
COC(=O)NC(C(=O)NC(Cc1ccccc1)C(O)CN(N)Cc1ccc(cc1)-c1ccccn1)C(C)(C)C													"bt0067, bt0318, bt0063"		
OC1CCC2(O)OC(=O)Cc3ccc(O)c(O)c3C2(CCNCC=C)C1O															
Cc1nc(Nc2ncc(s2)C(=O)Nc2c(C)cccc2Cl)cc(n1)N1CCN(CC=O)CC1					bt0001										
CCOc1ccc(Cc2cc(ccc2Cl)C(O)OC(CO)C(O)C(O)C([O-])=O)cc1							"bt0024, bt0002, bt0071"								
OCCOCCOCCOCCOCCOCCOCCO										"bt0002, bt0158, bt0049, bt0023, bt0063"					
CC(=O)C([O-])=O		"bt0351, bt0352, bt0353"									"bt0351, bt0065, bt0352"				
CCOc1ccc(Cc2cc(ccc2Cl)C(O)C(O)C(O)C(=O)C(=O)CO)cc1							"bt0002, bt0023"								
